lot_id,event_time,yield_pass,sensor_na_rate,n_spc_alarms
LOT_0001,2008-07-19T11:55:00,True,0.0746,8
LOT_0002,2008-07-19T12:32:00,True,0.061,3
LOT_0003,2008-07-19T13:17:00,False,0.0339,12
LOT_0004,2008-07-19T14:43:00,True,0.0339,11
LOT_0005,2008-07-19T15:22:00,True,0.0678,10
LOT_0006,2008-07-19T17:53:00,True,0.0407,6
LOT_0007,2008-07-19T19:44:00,True,0.0678,0
LOT_0008,2008-07-19T19:45:00,True,0.0407,9
LOT_0009,2008-07-19T20:24:00,True,0.0407,18
LOT_0010,2008-07-19T21:35:00,True,0.0407,2
LOT_0011,2008-07-19T21:57:00,False,0.0339,26
LOT_0012,2008-07-19T22:52:00,False,0.0407,1
LOT_0013,2008-07-20T03:35:00,True,0.0475,3
LOT_0014,2008-07-21T08:21:00,True,0.0542,8
LOT_0015,2008-07-21T11:53:00,False,0.0475,24
LOT_0016,2008-07-22T00:03:00,True,0.0475,25
LOT_0017,2008-07-22T02:59:00,True,0.0407,3
LOT_0018,2008-07-22T08:41:00,True,0.0678,8
LOT_0019,2008-07-22T11:47:00,True,0.0475,0
LOT_0020,2008-07-22T14:00:00,True,0.0475,5
LOT_0021,2008-07-22T15:30:00,True,0.0814,1
LOT_0022,2008-07-23T05:15:00,True,0.0475,4
LOT_0023,2008-07-23T19:22:00,True,0.0407,0
LOT_0024,2008-07-25T15:23:00,False,0.0475,23
LOT_0025,2008-07-27T04:18:00,True,0.0475,21
LOT_0026,2008-07-27T09:37:00,True,0.0475,21
LOT_0027,2008-07-27T11:10:00,True,0.0746,3
LOT_0028,2008-07-27T15:46:00,True,0.0339,10
LOT_0029,2008-07-27T16:06:00,True,0.0339,3
LOT_0030,2008-07-27T16:49:00,True,0.0339,2
LOT_0031,2008-07-27T20:24:00,True,0.0475,7
LOT_0032,2008-07-27T22:28:00,True,0.0339,3
LOT_0033,2008-07-27T22:28:00,True,0.0475,3
LOT_0034,2008-07-27T23:14:00,True,0.0593,21
LOT_0035,2008-07-28T03:31:00,True,0.0339,6
LOT_0036,2008-07-28T03:48:00,True,0.0475,4
LOT_0037,2008-07-28T04:37:00,True,0.0475,25
LOT_0038,2008-07-28T05:36:00,True,0.0339,1
LOT_0039,2008-07-28T06:45:00,False,0.0475,10
LOT_0040,2008-07-28T08:36:00,True,0.0542,6
LOT_0041,2008-07-28T15:11:00,False,0.0339,6
LOT_0042,2008-07-28T23:57:00,True,0.0542,5
LOT_0043,2008-07-29T04:08:00,True,0.0407,3
LOT_0044,2008-07-29T05:16:00,True,0.0475,4
LOT_0045,2008-07-29T06:19:00,True,0.0475,18
LOT_0046,2008-07-29T08:23:00,False,0.0339,0
LOT_0047,2008-07-29T11:47:00,True,0.0475,23
LOT_0048,2008-07-29T15:41:00,True,0.0475,20
LOT_0049,2008-07-29T15:49:00,False,0.0339,7
LOT_0050,2008-07-29T17:05:00,False,0.0475,0
LOT_0051,2008-07-29T18:08:00,False,0.0746,7
LOT_0052,2008-07-29T21:07:00,True,0.0339,25
LOT_0053,2008-07-29T23:14:00,True,0.0475,4
LOT_0054,2008-07-29T23:19:00,True,0.0797,3
LOT_0055,2008-07-30T06:30:00,True,0.0339,25
LOT_0056,2008-07-30T07:08:00,True,0.0475,2
LOT_0057,2008-07-30T12:02:00,True,0.0339,1
LOT_0058,2008-07-30T12:29:00,False,0.0339,34
LOT_0059,2008-07-30T21:16:00,False,0.0339,21
LOT_0060,2008-07-31T13:57:00,True,0.061,2
LOT_0061,2008-07-31T15:36:00,True,0.0339,3
LOT_0062,2008-07-31T17:07:00,True,0.0339,22
LOT_0063,2008-07-31T20:18:00,False,0.0339,3
LOT_0064,2008-01-08T02:02:00,True,0.0339,8
LOT_0065,2008-01-08T05:52:00,False,0.0407,8
LOT_0066,2008-01-08T10:20:00,True,0.0542,1
LOT_0067,2008-01-08T10:26:00,True,0.0339,9
LOT_0068,2008-01-08T11:28:00,True,0.0407,1
LOT_0069,2008-01-08T12:29:00,True,0.0339,7
LOT_0070,2008-01-08T14:07:00,True,0.0339,2
LOT_0071,2008-01-08T15:10:00,True,0.0339,6
LOT_0072,2008-02-08T03:39:00,True,0.0407,0
LOT_0073,2008-03-08T13:09:00,True,0.0475,22
LOT_0074,2008-03-08T14:06:00,True,0.0339,6
LOT_0075,2008-03-08T14:25:00,True,0.0746,1
LOT_0076,2008-03-08T15:03:00,True,0.0339,3
LOT_0077,2008-03-08T15:27:00,True,0.0475,2
LOT_0078,2008-03-08T16:00:00,True,0.0339,5
LOT_0079,2008-03-08T17:00:00,True,0.0339,2
LOT_0080,2008-03-08T17:58:00,True,0.0475,4
LOT_0081,2008-03-08T20:23:00,True,0.0339,1
LOT_0082,2008-03-08T22:52:00,True,0.0339,9
LOT_0083,2008-04-08T00:39:00,False,0.0339,3
LOT_0084,2008-04-08T03:45:00,True,0.0475,1
LOT_0085,2008-04-08T03:49:00,True,0.0475,27
LOT_0086,2008-04-08T13:19:00,True,0.0542,13
LOT_0087,2008-04-08T14:04:00,True,0.0475,10
LOT_0088,2008-04-08T14:31:00,True,0.0407,1
LOT_0089,2008-04-08T15:29:00,True,0.0542,12
LOT_0090,2008-04-08T16:15:00,True,0.1475,10
LOT_0091,2008-04-08T16:31:00,True,0.0475,3
LOT_0092,2008-04-08T17:11:00,True,0.0407,22
LOT_0093,2008-04-08T17:46:00,True,0.0475,6
LOT_0094,2008-04-08T18:24:00,True,0.1627,21
LOT_0095,2008-04-08T19:58:00,True,0.1153,6
LOT_0096,2008-04-08T20:32:00,True,0.1627,12
LOT_0097,2008-04-08T20:58:00,False,0.0339,22
LOT_0098,2008-04-08T21:43:00,True,0.061,6
LOT_0099,2008-04-08T22:51:00,True,0.0814,2
LOT_0100,2008-04-08T23:33:00,True,0.0475,26
LOT_0101,2008-05-08T00:04:00,True,0.061,2
LOT_0102,2008-05-08T01:12:00,True,0.0678,5
LOT_0103,2008-05-08T02:15:00,True,0.0475,15
LOT_0104,2008-05-08T02:36:00,True,0.061,4
LOT_0105,2008-05-08T02:45:00,True,0.0475,0
LOT_0106,2008-05-08T03:17:00,True,0.0475,0
LOT_0107,2008-05-08T03:36:00,True,0.0407,1
LOT_0108,2008-05-08T03:54:00,True,0.0475,4
LOT_0109,2008-05-08T04:32:00,True,0.0407,1
LOT_0110,2008-05-08T04:35:00,True,0.0542,6
LOT_0111,2008-05-08T05:11:00,True,0.0339,5
LOT_0112,2008-05-08T06:10:00,True,0.0542,3
LOT_0113,2008-05-08T06:11:00,True,0.0475,7
LOT_0114,2008-05-08T06:21:00,True,0.0475,7
LOT_0115,2008-05-08T07:12:00,True,0.061,5
LOT_0116,2008-05-08T07:12:00,False,0.0475,7
LOT_0117,2008-05-08T07:48:00,True,0.0475,3
LOT_0118,2008-05-08T08:50:00,True,0.0475,1
LOT_0119,2008-05-08T09:48:00,True,0.0678,1
LOT_0120,2008-05-08T14:17:00,True,0.0339,6
LOT_0121,2008-05-08T14:45:00,True,0.0407,8
LOT_0122,2008-05-08T15:45:00,True,0.0339,8
LOT_0123,2008-05-08T20:04:00,True,0.0339,0
LOT_0124,2008-05-08T21:07:00,True,0.0475,6
LOT_0125,2008-05-08T21:22:00,True,0.0475,0
LOT_0126,2008-05-08T23:02:00,True,0.0339,5
LOT_0127,2008-05-08T23:06:00,True,0.0407,2
LOT_0128,2008-05-08T23:38:00,True,0.0475,1
LOT_0129,2008-06-08T00:04:00,True,0.0475,4
LOT_0130,2008-06-08T02:20:00,True,0.0339,1
LOT_0131,2008-06-08T03:22:00,True,0.0339,9
LOT_0132,2008-06-08T05:40:00,False,0.0339,5
LOT_0133,2008-06-08T09:56:00,True,0.0542,5
LOT_0134,2008-06-08T09:57:00,True,0.1424,8
LOT_0135,2008-06-08T12:33:00,True,0.0678,4
LOT_0136,2008-06-08T13:35:00,True,0.0678,2
LOT_0137,2008-06-08T17:35:00,True,0.0475,1
LOT_0138,2008-06-08T18:00:00,True,0.0678,1
LOT_0139,2008-06-08T18:34:00,True,0.0475,0
LOT_0140,2008-06-08T19:13:00,True,0.0475,1
LOT_0141,2008-06-08T19:24:00,True,0.0678,3
LOT_0142,2008-06-08T20:00:00,True,0.0475,2
LOT_0143,2008-06-08T20:17:00,True,0.061,3
LOT_0144,2008-06-08T21:15:00,True,0.0339,27
LOT_0145,2008-06-08T22:27:00,True,0.0339,27
LOT_0146,2008-06-08T23:40:00,True,0.061,4
LOT_0147,2008-06-08T23:45:00,True,0.0475,1
LOT_0148,2008-07-08T00:51:00,True,0.0407,2
LOT_0149,2008-07-08T07:30:00,True,0.0475,4
LOT_0150,2008-07-08T08:21:00,True,0.0407,8
LOT_0151,2008-07-08T08:45:00,True,0.0475,6
LOT_0152,2008-07-08T08:55:00,True,0.0881,3
LOT_0153,2008-07-08T10:12:00,True,0.0475,0
LOT_0154,2008-07-08T11:10:00,True,0.0339,6
LOT_0155,2008-07-08T11:40:00,False,0.0475,1
LOT_0156,2008-08-08T04:55:00,True,0.0407,0
LOT_0157,2008-08-08T07:26:00,True,0.0475,1
LOT_0158,2008-08-08T08:44:00,False,0.0407,3
LOT_0159,2008-08-08T12:37:00,False,0.0475,0
LOT_0160,2008-08-08T20:21:00,True,0.0339,2
LOT_0161,2008-08-08T21:22:00,True,0.0339,3
LOT_0162,2008-08-08T21:53:00,True,0.0339,2
LOT_0163,2008-08-08T22:06:00,True,0.0339,0
LOT_0164,2008-08-08T22:25:00,True,0.0542,28
LOT_0165,2008-09-08T02:15:00,True,0.0407,0
LOT_0166,2008-09-08T02:37:00,True,0.061,0
LOT_0167,2008-09-08T06:05:00,True,0.0339,0
LOT_0168,2008-09-08T09:16:00,False,0.0407,3
LOT_0169,2008-09-08T09:22:00,True,0.0407,0
LOT_0170,2008-09-08T11:42:00,False,0.0542,7
LOT_0171,2008-09-08T17:34:00,True,0.0339,2
LOT_0172,2008-09-08T19:03:00,True,0.0475,3
LOT_0173,2008-09-08T20:04:00,True,0.0339,20
LOT_0174,2008-09-08T21:07:00,True,0.0678,10
LOT_0175,2008-09-08T22:15:00,True,0.0407,7
LOT_0176,2008-09-08T22:37:00,True,0.0678,6
LOT_0177,2008-09-08T23:17:00,True,0.0475,0
LOT_0178,2008-09-08T23:34:00,True,0.061,3
LOT_0179,2008-10-08T00:09:00,True,0.0407,2
LOT_0180,2008-10-08T00:46:00,True,0.0407,10
LOT_0181,2008-10-08T06:00:00,False,0.0407,1
LOT_0182,2008-10-08T06:41:00,True,0.0475,3
LOT_0183,2008-10-08T07:01:00,False,0.0339,1
LOT_0184,2008-10-08T11:16:00,True,0.0729,21
LOT_0185,2008-10-08T11:49:00,True,0.0475,10
LOT_0186,2008-10-08T12:22:00,True,0.061,1
LOT_0187,2008-10-08T15:59:00,False,0.0339,21
LOT_0188,2008-10-08T19:07:00,True,0.0475,2
LOT_0189,2008-10-08T20:07:00,False,0.061,3
LOT_0190,2008-10-08T22:26:00,False,0.0475,2
LOT_0191,2008-11-08T03:06:00,True,0.0339,2
LOT_0192,2008-11-08T04:09:00,True,0.0475,4
LOT_0193,2008-11-08T05:15:00,True,0.0542,2
LOT_0194,2008-11-08T11:35:00,True,0.0407,4
LOT_0195,2008-11-08T12:38:00,True,0.0339,2
LOT_0196,2008-12-08T04:23:00,True,0.1017,20
LOT_0197,2008-12-08T06:16:00,True,0.0525,22
LOT_0198,2008-12-08T10:54:00,True,0.0407,0
LOT_0199,2008-12-08T11:29:00,True,0.0746,1
LOT_0200,2008-12-08T12:04:00,True,0.0475,6
LOT_0201,2008-08-13T02:48:00,True,0.0542,1
LOT_0202,2008-08-15T03:26:00,True,0.0814,3
LOT_0203,2008-08-15T04:14:00,True,0.0542,4
LOT_0204,2008-08-15T05:13:00,True,0.0542,1
LOT_0205,2008-08-15T09:38:00,True,0.0678,1
LOT_0206,2008-08-15T10:14:00,True,0.0475,4
LOT_0207,2008-08-15T11:42:00,True,0.0407,3
LOT_0208,2008-08-15T18:19:00,True,0.0475,1
LOT_0209,2008-08-15T19:19:00,True,0.0475,3
LOT_0210,2008-08-15T20:00:00,True,0.0339,0
LOT_0211,2008-08-15T20:03:00,True,0.0542,1
LOT_0212,2008-08-15T23:31:00,True,0.0475,3
LOT_0213,2008-08-16T02:21:00,True,0.0542,2
LOT_0214,2008-08-16T05:47:00,True,0.0542,0
LOT_0215,2008-08-16T06:52:00,True,0.061,2
LOT_0216,2008-08-16T07:33:00,True,0.0475,0
LOT_0217,2008-08-16T08:39:00,True,0.0339,0
LOT_0218,2008-08-16T08:41:00,True,0.0407,2
LOT_0219,2008-08-16T09:44:00,False,0.0407,3
LOT_0220,2008-08-16T13:51:00,True,0.0407,4
LOT_0221,2008-08-16T14:30:00,True,0.0407,1
LOT_0222,2008-08-16T15:16:00,True,0.0407,1
LOT_0223,2008-08-16T15:19:00,False,0.0542,0
LOT_0224,2008-08-16T23:48:00,True,0.0475,1
LOT_0225,2008-08-17T00:52:00,True,0.0339,0
LOT_0226,2008-08-17T01:53:00,True,0.0339,0
LOT_0227,2008-08-17T03:17:00,True,0.0542,0
LOT_0228,2008-08-17T03:18:00,True,0.0475,5
LOT_0229,2008-08-17T03:46:00,True,0.0339,3
LOT_0230,2008-08-17T04:19:00,True,0.0542,0
LOT_0231,2008-08-17T05:21:00,True,0.0542,0
LOT_0232,2008-08-17T12:16:00,False,0.0407,1
LOT_0233,2008-08-17T13:34:00,True,0.0407,2
LOT_0234,2008-08-17T14:21:00,True,0.0475,0
LOT_0235,2008-08-17T15:25:00,True,0.0407,3
LOT_0236,2008-08-17T21:26:00,False,0.0746,3
LOT_0237,2008-08-17T22:03:00,False,0.0407,0
LOT_0238,2008-08-17T22:21:00,True,0.0407,0
LOT_0239,2008-08-17T23:04:00,False,0.061,2
LOT_0240,2008-08-17T23:20:00,True,0.0339,0
LOT_0241,2008-08-17T23:55:00,False,0.0339,2
LOT_0242,2008-08-18T00:02:00,False,0.0407,0
LOT_0243,2008-08-18T00:20:00,True,0.0475,1
LOT_0244,2008-08-18T01:23:00,False,0.0407,5
LOT_0245,2008-08-18T04:01:00,False,0.0407,2
LOT_0246,2008-08-18T04:12:00,True,0.061,2
LOT_0247,2008-08-18T04:35:00,True,0.061,3
LOT_0248,2008-08-18T05:03:00,True,0.0542,0
LOT_0249,2008-08-18T05:25:00,True,0.061,8
LOT_0250,2008-08-18T06:07:00,True,0.0542,10
LOT_0251,2008-08-18T06:11:00,True,0.0542,2
LOT_0252,2008-08-18T06:26:00,True,0.061,4
LOT_0253,2008-08-18T07:11:00,True,0.0746,0
LOT_0254,2008-08-18T07:23:00,True,0.0339,3
LOT_0255,2008-08-18T07:29:00,True,0.0339,4
LOT_0256,2008-08-18T08:18:00,True,0.0407,1
LOT_0257,2008-08-18T08:31:00,True,0.0542,3
LOT_0258,2008-08-18T10:13:00,True,0.061,4
LOT_0259,2008-08-18T11:04:00,True,0.0407,3
LOT_0260,2008-08-18T12:00:00,True,0.0407,3
LOT_0261,2008-08-18T12:06:00,True,0.0542,2
LOT_0262,2008-08-18T12:22:00,True,0.0407,0
LOT_0263,2008-08-18T12:49:00,True,0.0746,0
LOT_0264,2008-08-18T13:07:00,True,0.0339,8
LOT_0265,2008-08-18T14:01:00,True,0.0475,3
LOT_0266,2008-08-18T14:04:00,True,0.0678,0
LOT_0267,2008-08-18T14:45:00,True,0.0542,4
LOT_0268,2008-08-18T15:00:00,True,0.0339,0
LOT_0269,2008-08-18T15:26:00,True,0.0542,2
LOT_0270,2008-08-18T15:30:00,True,0.0746,2
LOT_0271,2008-08-18T15:33:00,True,0.0475,0
LOT_0272,2008-08-18T15:41:00,True,0.0542,3
LOT_0273,2008-08-18T16:19:00,True,0.0746,1
LOT_0274,2008-08-18T17:13:00,False,0.0475,7
LOT_0275,2008-08-18T17:16:00,True,0.0542,1
LOT_0276,2008-08-18T17:37:00,True,0.0475,47
LOT_0277,2008-08-18T19:24:00,True,0.0407,0
LOT_0278,2008-08-18T19:54:00,False,0.0339,0
LOT_0279,2008-08-18T23:00:00,True,0.0407,1
LOT_0280,2008-08-18T23:03:00,True,0.0407,0
LOT_0281,2008-08-18T23:47:00,True,0.0475,4
LOT_0282,2008-08-19T01:10:00,True,0.0542,7
LOT_0283,2008-08-19T03:59:00,False,0.0746,4
LOT_0284,2008-08-19T04:58:00,True,0.061,8
LOT_0285,2008-08-19T05:09:00,True,0.0814,2
LOT_0286,2008-08-19T05:11:00,True,0.0407,3
LOT_0287,2008-08-19T05:11:00,True,0.0475,7
LOT_0288,2008-08-19T05:40:00,True,0.0339,6
LOT_0289,2008-08-19T05:41:00,True,0.0407,6
LOT_0290,2008-08-19T05:53:00,True,0.0339,7
LOT_0291,2008-08-19T05:54:00,True,0.0475,3
LOT_0292,2008-08-19T05:56:00,False,0.0475,3
LOT_0293,2008-08-19T06:24:00,True,0.061,7
LOT_0294,2008-08-19T07:43:00,True,0.0407,0
LOT_0295,2008-08-19T07:58:00,False,0.0542,2
LOT_0296,2008-08-19T08:01:00,True,0.0542,7
LOT_0297,2008-08-19T08:07:00,True,0.061,2
LOT_0298,2008-08-19T08:33:00,True,0.061,2
LOT_0299,2008-08-19T09:04:00,True,0.0475,5
LOT_0300,2008-08-19T09:05:00,True,0.1356,5
LOT_0301,2008-08-19T10:46:00,True,0.061,5
LOT_0302,2008-08-19T11:11:00,True,0.0407,0
LOT_0303,2008-08-19T11:13:00,True,0.0542,1
LOT_0304,2008-08-19T11:13:00,True,0.061,5
LOT_0305,2008-08-19T11:28:00,True,0.0475,3
LOT_0306,2008-08-19T11:44:00,True,0.0542,9
LOT_0307,2008-08-19T11:46:00,True,0.0407,0
LOT_0308,2008-08-19T11:57:00,True,0.0678,2
LOT_0309,2008-08-19T11:58:00,True,0.0746,10
LOT_0310,2008-08-19T12:30:00,True,0.061,5
LOT_0311,2008-08-19T15:33:00,True,0.0407,6
LOT_0312,2008-08-19T18:12:00,True,0.0475,8
LOT_0313,2008-08-19T18:12:00,True,0.0339,1
LOT_0314,2008-08-19T18:30:00,True,0.0542,10
LOT_0315,2008-08-19T18:30:00,True,0.0271,1
LOT_0316,2008-08-19T19:38:00,True,0.0407,2
LOT_0317,2008-08-19T20:53:00,True,0.1085,7
LOT_0318,2008-08-20T00:05:00,True,0.061,2
LOT_0319,2008-08-20T01:33:00,True,0.0339,7
LOT_0320,2008-08-20T01:42:00,True,0.0475,1
LOT_0321,2008-08-20T02:13:00,True,0.0542,4
LOT_0322,2008-08-20T02:27:00,False,0.0678,5
LOT_0323,2008-08-20T03:00:00,True,0.0678,7
LOT_0324,2008-08-20T03:12:00,False,0.0475,2
LOT_0325,2008-08-20T06:36:00,True,0.0542,1
LOT_0326,2008-08-20T07:12:00,True,0.061,2
LOT_0327,2008-08-20T08:40:00,False,0.0678,4
LOT_0328,2008-08-20T09:17:00,False,0.0678,5
LOT_0329,2008-08-20T10:26:00,True,0.0542,1
LOT_0330,2008-08-20T16:08:00,True,0.0814,7
LOT_0331,2008-08-20T16:16:00,True,0.061,3
LOT_0332,2008-08-20T17:09:00,True,0.0475,2
LOT_0333,2008-08-20T17:35:00,True,0.0407,4
LOT_0334,2008-08-20T17:36:00,True,0.0407,0
LOT_0335,2008-08-20T18:29:00,True,0.0407,3
LOT_0336,2008-08-20T18:35:00,True,0.0746,8
LOT_0337,2008-08-20T19:20:00,False,0.1085,4
LOT_0338,2008-08-20T20:19:00,True,0.0475,9
LOT_0339,2008-08-20T21:33:00,True,0.0475,7
LOT_0340,2008-08-20T21:41:00,True,0.0542,3
LOT_0341,2008-08-20T21:58:00,True,0.0339,3
LOT_0342,2008-08-20T22:13:00,True,0.061,8
LOT_0343,2008-08-20T22:45:00,True,0.0339,1
LOT_0344,2008-08-20T23:18:00,True,0.0475,0
LOT_0345,2008-08-20T23:43:00,False,0.0746,0
LOT_0346,2008-08-21T02:11:00,True,0.0475,1
LOT_0347,2008-08-21T02:46:00,True,0.0814,0
LOT_0348,2008-08-21T04:22:00,True,0.0339,11
LOT_0349,2008-08-21T04:29:00,True,0.0475,7
LOT_0350,2008-08-21T05:06:00,True,0.0407,6
LOT_0351,2008-08-21T05:15:00,True,0.0407,3
LOT_0352,2008-08-21T06:10:00,False,0.0407,2
LOT_0353,2008-08-21T11:22:00,True,0.0475,5
LOT_0354,2008-08-21T12:00:00,True,0.0475,2
LOT_0355,2008-08-21T12:31:00,True,0.0542,2
LOT_0356,2008-08-21T12:33:00,True,0.0407,1
LOT_0357,2008-08-21T12:43:00,True,0.0475,3
LOT_0358,2008-08-21T12:52:00,True,0.0475,1
LOT_0359,2008-08-21T13:11:00,True,0.0678,2
LOT_0360,2008-08-21T13:19:00,True,0.0407,0
LOT_0361,2008-08-21T13:29:00,True,0.0339,2
LOT_0362,2008-08-21T13:45:00,True,0.0407,1
LOT_0363,2008-08-21T14:47:00,True,0.061,7
LOT_0364,2008-08-21T15:05:00,True,0.0407,1
LOT_0365,2008-08-21T15:06:00,True,0.0542,1
LOT_0366,2008-08-21T15:32:00,True,0.0339,1
LOT_0367,2008-08-21T15:48:00,True,0.0407,7
LOT_0368,2008-08-21T15:50:00,True,0.0339,22
LOT_0369,2008-08-21T16:19:00,False,0.0407,4
LOT_0370,2008-08-21T16:36:00,True,0.0678,3
LOT_0371,2008-08-21T17:25:00,True,0.0407,1
LOT_0372,2008-08-21T17:44:00,True,0.0339,4
LOT_0373,2008-08-21T18:04:00,True,0.0678,4
LOT_0374,2008-08-21T18:05:00,False,0.0678,0
LOT_0375,2008-08-21T18:39:00,True,0.061,3
LOT_0376,2008-08-21T18:53:00,True,0.0746,13
LOT_0377,2008-08-21T19:12:00,True,0.0542,2
LOT_0378,2008-08-21T19:12:00,True,0.0407,2
LOT_0379,2008-08-21T19:46:00,True,0.0542,6
LOT_0380,2008-08-21T20:19:00,True,0.0475,1
LOT_0381,2008-08-21T20:21:00,True,0.0271,4
LOT_0382,2008-08-21T20:37:00,True,0.0407,0
LOT_0383,2008-08-21T21:32:00,True,0.061,2
LOT_0384,2008-08-21T22:25:00,True,0.0678,10
LOT_0385,2008-08-21T22:41:00,True,0.0746,7
LOT_0386,2008-08-21T23:08:00,True,0.0339,14
LOT_0387,2008-08-21T23:27:00,True,0.061,7
LOT_0388,2008-08-21T23:53:00,True,0.0475,5
LOT_0389,2008-08-21T23:57:00,True,0.0678,0
LOT_0390,2008-08-22T00:43:00,True,0.0407,1
LOT_0391,2008-08-22T00:44:00,True,0.0475,0
LOT_0392,2008-08-22T00:47:00,True,0.061,3
LOT_0393,2008-08-22T01:04:00,False,0.0475,1
LOT_0394,2008-08-22T01:26:00,True,0.0339,5
LOT_0395,2008-08-22T01:27:00,True,0.0475,3
LOT_0396,2008-08-22T01:54:00,True,0.0407,4
LOT_0397,2008-08-22T02:01:00,True,0.0339,8
LOT_0398,2008-08-22T02:25:00,True,0.0814,2
LOT_0399,2008-08-22T02:52:00,True,0.0339,3
LOT_0400,2008-08-22T03:18:00,True,0.061,16
LOT_0401,2008-08-22T03:58:00,True,0.0407,0
LOT_0402,2008-08-22T04:40:00,True,0.0542,0
LOT_0403,2008-08-22T04:57:00,True,0.0407,0
LOT_0404,2008-08-22T05:21:00,True,0.061,9
LOT_0405,2008-08-22T05:31:00,True,0.0475,12
LOT_0406,2008-08-22T05:32:00,True,0.0678,6
LOT_0407,2008-08-22T06:00:00,False,0.061,3
LOT_0408,2008-08-22T07:04:00,True,0.061,2
LOT_0409,2008-08-22T07:17:00,True,0.0407,3
LOT_0410,2008-08-22T07:27:00,True,0.0475,0
LOT_0411,2008-08-22T09:29:00,True,0.0475,9
LOT_0412,2008-08-22T09:29:00,True,0.0407,2
LOT_0413,2008-08-22T10:01:00,True,0.0407,2
LOT_0414,2008-08-22T10:18:00,True,0.061,1
LOT_0415,2008-08-22T10:47:00,True,0.0475,2
LOT_0416,2008-08-22T11:32:00,True,0.0339,1
LOT_0417,2008-08-22T12:13:00,True,0.0407,1
LOT_0418,2008-08-22T12:37:00,True,0.061,1
LOT_0419,2008-08-22T12:42:00,True,0.0407,4
LOT_0420,2008-08-22T13:22:00,True,0.0407,4
LOT_0421,2008-08-22T14:45:00,True,0.061,2
LOT_0422,2008-08-22T15:25:00,True,0.0678,10
LOT_0423,2008-08-22T15:39:00,True,0.0407,3
LOT_0424,2008-08-22T15:54:00,True,0.0407,3
LOT_0425,2008-08-22T19:14:00,False,0.0475,0
LOT_0426,2008-08-22T23:46:00,True,0.0475,0
LOT_0427,2008-08-22T23:47:00,True,0.0678,9
LOT_0428,2008-08-22T23:49:00,True,0.0678,4
LOT_0429,2008-08-22T23:56:00,True,0.0542,0
LOT_0430,2008-08-23T02:04:00,True,0.0407,4
LOT_0431,2008-08-23T03:26:00,True,0.0542,0
LOT_0432,2008-08-23T04:50:00,True,0.0542,2
LOT_0433,2008-08-23T04:52:00,True,0.0746,2
LOT_0434,2008-08-23T05:57:00,True,0.0542,2
LOT_0435,2008-08-23T05:57:00,True,0.0407,2
LOT_0436,2008-08-23T05:58:00,True,0.061,0
LOT_0437,2008-08-23T05:58:00,True,0.0407,2
LOT_0438,2008-08-23T09:24:00,True,0.0475,8
LOT_0439,2008-08-23T12:58:00,True,0.0542,7
LOT_0440,2008-08-23T13:02:00,True,0.0407,8
LOT_0441,2008-08-23T15:10:00,True,0.0407,5
LOT_0442,2008-08-23T15:29:00,False,0.0746,4
LOT_0443,2008-08-24T02:32:00,True,0.0542,0
LOT_0444,2008-08-24T04:00:00,True,0.0542,9
LOT_0445,2008-08-24T07:12:00,True,0.0542,3
LOT_0446,2008-08-24T07:14:00,True,0.0339,0
LOT_0447,2008-08-24T10:09:00,True,0.0339,1
LOT_0448,2008-08-24T10:14:00,True,0.0339,2
LOT_0449,2008-08-24T13:03:00,False,0.0475,2
LOT_0450,2008-08-25T09:29:00,True,0.061,0
LOT_0451,2008-08-27T00:46:00,True,0.0678,7
LOT_0452,2008-08-27T11:38:00,True,0.0407,1
LOT_0453,2008-08-27T12:22:00,True,0.0407,1
LOT_0454,2008-08-27T13:35:00,True,0.0407,1
LOT_0455,2008-08-27T14:18:00,True,0.0746,3
LOT_0456,2008-08-27T17:14:00,True,0.0339,9
LOT_0457,2008-08-27T22:48:00,True,0.0542,7
LOT_0458,2008-08-27T22:58:00,True,0.061,45
LOT_0459,2008-08-28T03:03:00,True,0.061,1
LOT_0460,2008-08-28T03:04:00,True,0.0949,0
LOT_0461,2008-08-28T03:29:00,True,0.061,0
LOT_0462,2008-08-28T03:38:00,True,0.0475,6
LOT_0463,2008-08-28T03:45:00,True,0.0407,0
LOT_0464,2008-08-28T04:10:00,True,0.0678,0
LOT_0465,2008-08-28T04:20:00,True,0.061,3
LOT_0466,2008-08-28T04:54:00,True,0.0746,1
LOT_0467,2008-08-28T05:00:00,True,0.061,38
LOT_0468,2008-08-28T06:15:00,True,0.0407,0
LOT_0469,2008-08-28T06:39:00,True,0.0746,0
LOT_0470,2008-08-28T06:56:00,True,0.061,1
LOT_0471,2008-08-28T07:40:00,True,0.0542,2
LOT_0472,2008-08-28T07:51:00,True,0.0542,0
LOT_0473,2008-08-28T08:41:00,True,0.0542,0
LOT_0474,2008-08-28T09:46:00,True,0.0475,2
LOT_0475,2008-08-28T09:49:00,True,0.0542,0
LOT_0476,2008-08-28T10:15:00,True,0.0542,1
LOT_0477,2008-08-28T10:28:00,True,0.0661,2
LOT_0478,2008-08-28T10:32:00,True,0.061,0
LOT_0479,2008-08-28T11:19:00,True,0.0661,0
LOT_0480,2008-08-28T12:44:00,True,0.0407,2
LOT_0481,2008-08-28T14:48:00,True,0.0407,3
LOT_0482,2008-08-28T15:19:00,True,0.0475,6
LOT_0483,2008-08-28T16:01:00,True,0.0542,0
LOT_0484,2008-08-28T16:43:00,True,0.0814,3
LOT_0485,2008-08-28T16:52:00,True,0.0542,6
LOT_0486,2008-08-28T17:21:00,True,0.0542,0
LOT_0487,2008-08-28T17:27:00,True,0.0746,0
LOT_0488,2008-08-28T17:32:00,True,0.061,4
LOT_0489,2008-08-28T18:05:00,True,0.0407,3
LOT_0490,2008-08-28T18:10:00,True,0.0339,1
LOT_0491,2008-08-28T18:15:00,True,0.0542,12
LOT_0492,2008-08-28T18:25:00,True,0.0678,1
LOT_0493,2008-08-28T18:47:00,True,0.061,6
LOT_0494,2008-08-28T18:57:00,True,0.0678,0
LOT_0495,2008-08-28T20:20:00,True,0.0746,2
LOT_0496,2008-08-28T20:39:00,False,0.0407,0
LOT_0497,2008-08-28T21:03:00,True,0.0407,0
LOT_0498,2008-08-28T21:52:00,True,0.0746,13
LOT_0499,2008-08-28T22:57:00,True,0.0475,4
LOT_0500,2008-08-28T23:40:00,True,0.061,1
LOT_0501,2008-08-28T23:42:00,True,0.0814,4
LOT_0502,2008-08-29T00:49:00,True,0.0475,1
LOT_0503,2008-08-29T01:06:00,True,0.0542,4
LOT_0504,2008-08-29T02:38:00,True,0.0542,9
LOT_0505,2008-08-29T02:39:00,True,0.0407,5
LOT_0506,2008-08-29T03:27:00,True,0.0814,3
LOT_0507,2008-08-29T03:33:00,True,0.0542,3
LOT_0508,2008-08-29T03:46:00,True,0.0475,1
LOT_0509,2008-08-29T04:55:00,False,0.0407,5
LOT_0510,2008-08-29T04:56:00,True,0.0407,4
LOT_0511,2008-08-29T05:16:00,True,0.0475,11
LOT_0512,2008-08-29T05:54:00,True,0.1695,4
LOT_0513,2008-08-29T05:54:00,True,0.1424,0
LOT_0514,2008-08-29T05:57:00,True,0.061,5
LOT_0515,2008-08-29T05:57:00,True,0.0407,1
LOT_0516,2008-08-29T06:35:00,True,0.0746,9
LOT_0517,2008-08-29T06:37:00,True,0.0407,3
LOT_0518,2008-08-29T06:40:00,True,0.0339,0
LOT_0519,2008-08-29T06:45:00,False,0.0542,3
LOT_0520,2008-08-29T06:54:00,True,0.0475,2
LOT_0521,2008-08-29T07:18:00,True,0.0475,2
LOT_0522,2008-08-29T07:22:00,True,0.061,2
LOT_0523,2008-08-29T07:24:00,True,0.0746,0
LOT_0524,2008-08-29T07:33:00,True,0.061,5
LOT_0525,2008-08-29T07:33:00,True,0.0339,6
LOT_0526,2008-08-29T08:10:00,True,0.0339,1
LOT_0527,2008-08-29T08:20:00,True,0.0746,9
LOT_0528,2008-08-29T08:41:00,True,0.0407,3
LOT_0529,2008-08-29T08:45:00,True,0.0814,10
LOT_0530,2008-08-29T12:21:00,True,0.0475,8
LOT_0531,2008-08-29T12:22:00,True,0.061,3
LOT_0532,2008-08-29T12:37:00,True,0.0542,0
LOT_0533,2008-08-29T13:04:00,True,0.061,2
LOT_0534,2008-08-29T13:14:00,True,0.0814,6
LOT_0535,2008-08-29T13:27:00,True,0.0814,0
LOT_0536,2008-08-29T13:49:00,True,0.0407,2
LOT_0537,2008-08-29T14:11:00,True,0.0475,0
LOT_0538,2008-08-29T14:18:00,True,0.061,7
LOT_0539,2008-08-29T14:30:00,True,0.0678,14
LOT_0540,2008-08-29T15:01:00,True,0.061,16
LOT_0541,2008-08-29T15:43:00,True,0.0746,2
LOT_0542,2008-08-29T16:26:00,True,0.0746,5
LOT_0543,2008-08-29T20:21:00,True,0.0746,4
LOT_0544,2008-08-29T20:49:00,True,0.0407,7
LOT_0545,2008-08-29T21:25:00,True,0.0542,6
LOT_0546,2008-08-29T21:46:00,True,0.0678,13
LOT_0547,2008-08-29T21:54:00,True,0.0407,2
LOT_0548,2008-08-29T22:11:00,True,0.0475,4
LOT_0549,2008-08-29T22:45:00,True,0.0407,0
LOT_0550,2008-08-29T22:49:00,True,0.0678,0
LOT_0551,2008-08-29T22:56:00,True,0.0407,8
LOT_0552,2008-08-30T00:01:00,True,0.061,2
LOT_0553,2008-08-30T00:05:00,True,0.0678,7
LOT_0554,2008-08-30T00:57:00,True,0.061,0
LOT_0555,2008-08-30T01:29:00,True,0.061,2
LOT_0556,2008-08-30T02:08:00,True,0.061,8
LOT_0557,2008-08-30T02:22:00,True,0.0814,5
LOT_0558,2008-08-30T02:32:00,True,0.061,12
LOT_0559,2008-08-30T02:39:00,True,0.061,4
LOT_0560,2008-08-30T02:50:00,True,0.0475,0
LOT_0561,2008-08-30T03:10:00,True,0.0542,1
LOT_0562,2008-08-30T04:20:00,True,0.0475,6
LOT_0563,2008-08-30T04:24:00,True,0.0407,3
LOT_0564,2008-08-30T04:55:00,True,0.0746,1
LOT_0565,2008-08-30T05:05:00,True,0.0814,5
LOT_0566,2008-08-30T05:05:00,True,0.0593,6
LOT_0567,2008-08-30T05:38:00,True,0.0746,0
LOT_0568,2008-08-30T05:51:00,True,0.0542,0
LOT_0569,2008-08-30T07:50:00,True,0.0339,7
LOT_0570,2008-08-30T07:54:00,True,0.0593,2
LOT_0571,2008-08-30T08:10:00,True,0.0814,3
LOT_0572,2008-08-30T08:29:00,True,0.0407,7
LOT_0573,2008-08-30T08:42:00,True,0.0475,1
LOT_0574,2008-08-30T08:53:00,True,0.0475,1
LOT_0575,2008-08-30T09:13:00,True,0.061,2
LOT_0576,2008-08-30T09:37:00,True,0.0542,0
LOT_0577,2008-08-30T09:45:00,False,0.0407,9
LOT_0578,2008-08-30T10:15:00,True,0.0407,2
LOT_0579,2008-08-30T10:16:00,True,0.0814,0
LOT_0580,2008-08-30T11:12:00,True,0.0475,0
LOT_0581,2008-08-30T11:14:00,True,0.0542,2
LOT_0582,2008-08-30T11:18:00,True,0.0678,2
LOT_0583,2008-08-30T11:57:00,True,0.061,4
LOT_0584,2008-08-30T14:10:00,False,0.0407,0
LOT_0585,2008-08-30T14:23:00,True,0.061,2
LOT_0586,2008-08-30T14:37:00,True,0.0746,7
LOT_0587,2008-08-30T15:06:00,True,0.061,4
LOT_0588,2008-08-30T15:16:00,True,0.0339,4
LOT_0589,2008-08-30T15:37:00,True,0.0339,1
LOT_0590,2008-08-30T15:50:00,True,0.0864,0
LOT_0591,2008-08-30T15:57:00,True,0.0678,0
LOT_0592,2008-08-30T16:24:00,True,0.0407,3
LOT_0593,2008-08-30T17:05:00,True,0.0678,7
LOT_0594,2008-08-30T17:49:00,True,0.0542,7
LOT_0595,2008-08-30T19:21:00,True,0.0746,2
LOT_0596,2008-08-30T19:27:00,True,0.0475,2
LOT_0597,2008-08-30T20:11:00,True,0.0475,5
LOT_0598,2008-08-30T20:53:00,True,0.0814,7
LOT_0599,2008-08-30T21:53:00,True,0.0407,1
LOT_0600,2008-08-30T23:51:00,True,0.061,7
LOT_0601,2008-08-31T02:57:00,True,0.0678,2
LOT_0602,2008-08-31T04:46:00,False,0.0814,0
LOT_0603,2008-08-31T05:05:00,True,0.0542,0
LOT_0604,2008-08-31T09:11:00,True,0.0542,6
LOT_0605,2008-08-31T10:36:00,True,0.061,4
LOT_0606,2008-08-31T10:59:00,False,0.061,10
LOT_0607,2008-08-31T10:59:00,True,0.0475,3
LOT_0608,2008-08-31T11:03:00,True,0.0678,13
LOT_0609,2008-08-31T15:09:00,True,0.0407,1
LOT_0610,2008-08-31T15:13:00,True,0.061,5
LOT_0611,2008-08-31T16:32:00,True,0.0746,5
LOT_0612,2008-08-31T20:24:00,True,0.061,3
LOT_0613,2008-08-31T21:04:00,True,0.0475,0
LOT_0614,2008-08-31T21:46:00,True,0.0678,1
LOT_0615,2008-08-31T21:58:00,True,0.061,0
LOT_0616,2008-08-31T22:32:00,True,0.0542,1
LOT_0617,2008-08-31T22:48:00,True,0.0678,1
LOT_0618,2008-08-31T22:57:00,True,0.0542,1
LOT_0619,2008-01-09T00:01:00,True,0.0407,9
LOT_0620,2008-01-09T00:39:00,True,0.0678,2
LOT_0621,2008-01-09T00:45:00,True,0.061,6
LOT_0622,2008-01-09T00:53:00,True,0.0542,7
LOT_0623,2008-01-09T05:29:00,True,0.0542,5
LOT_0624,2008-01-09T05:32:00,True,0.0661,4
LOT_0625,2008-01-09T06:12:00,True,0.0475,3
LOT_0626,2008-01-09T06:21:00,True,0.0475,1
LOT_0627,2008-01-09T06:52:00,True,0.061,11
LOT_0628,2008-01-09T08:18:00,True,0.061,3
LOT_0629,2008-01-09T09:06:00,True,0.0475,4
LOT_0630,2008-01-09T09:19:00,True,0.0542,0
LOT_0631,2008-01-09T09:54:00,True,0.0542,0
LOT_0632,2008-01-09T10:57:00,True,0.0475,2
LOT_0633,2008-01-09T11:40:00,True,0.0475,3
LOT_0634,2008-01-09T16:20:00,True,0.0542,4
LOT_0635,2008-01-09T19:54:00,False,0.0678,52
LOT_0636,2008-01-09T20:51:00,True,0.0678,6
LOT_0637,2008-01-09T22:05:00,True,0.0678,2
LOT_0638,2008-01-09T23:05:00,True,0.0678,6
LOT_0639,2008-01-09T23:19:00,True,0.0542,7
LOT_0640,2008-01-09T23:24:00,True,0.0475,1
LOT_0641,2008-01-09T23:28:00,True,0.0678,2
LOT_0642,2008-01-09T23:39:00,True,0.0542,2
LOT_0643,2008-01-09T23:45:00,True,0.0678,0
LOT_0644,2008-01-09T23:59:00,True,0.0475,12
LOT_0645,2008-02-09T00:26:00,True,0.0407,0
LOT_0646,2008-02-09T00:31:00,True,0.0475,0
LOT_0647,2008-02-09T00:46:00,True,0.0746,1
LOT_0648,2008-02-09T01:09:00,True,0.0746,3
LOT_0649,2008-02-09T01:10:00,True,0.0475,1
LOT_0650,2008-02-09T01:10:00,True,0.0678,0
LOT_0651,2008-02-09T01:36:00,True,0.0339,1
LOT_0652,2008-02-09T01:50:00,True,0.0678,0
LOT_0653,2008-02-09T02:02:00,True,0.0407,4
LOT_0654,2008-02-09T02:11:00,True,0.0475,9
LOT_0655,2008-02-09T02:50:00,True,0.0407,2
LOT_0656,2008-02-09T02:52:00,True,0.0661,3
LOT_0657,2008-02-09T03:33:00,True,0.061,0
LOT_0658,2008-02-09T03:35:00,True,0.0475,2
LOT_0659,2008-02-09T03:35:00,True,0.0814,1
LOT_0660,2008-02-09T04:19:00,True,0.0814,3
LOT_0661,2008-02-09T04:22:00,True,0.0475,0
LOT_0662,2008-02-09T05:46:00,True,0.0814,2
LOT_0663,2008-02-09T06:03:00,True,0.0678,3
LOT_0664,2008-02-09T06:19:00,True,0.0746,2
LOT_0665,2008-02-09T06:32:00,True,0.0407,2
LOT_0666,2008-02-09T06:48:00,True,0.0729,1
LOT_0667,2008-02-09T07:22:00,True,0.061,4
LOT_0668,2008-02-09T07:32:00,True,0.0542,6
LOT_0669,2008-02-09T08:15:00,True,0.0475,1
LOT_0670,2008-02-09T08:54:00,True,0.0475,1
LOT_0671,2008-02-09T09:36:00,True,0.0746,3
LOT_0672,2008-02-09T09:37:00,True,0.0542,2
LOT_0673,2008-02-09T10:13:00,True,0.0407,10
LOT_0674,2008-02-09T10:21:00,True,0.0475,0
LOT_0675,2008-02-09T10:25:00,True,0.0475,0
LOT_0676,2008-02-09T10:33:00,True,0.0678,5
LOT_0677,2008-02-09T11:08:00,True,0.0881,3
LOT_0678,2008-02-09T11:22:00,True,0.0542,0
LOT_0679,2008-02-09T11:47:00,True,0.0678,0
LOT_0680,2008-02-09T11:49:00,True,0.0814,6
LOT_0681,2008-02-09T12:01:00,True,0.0881,2
LOT_0682,2008-02-09T12:17:00,True,0.0475,0
LOT_0683,2008-02-09T12:26:00,True,0.061,2
LOT_0684,2008-02-09T12:30:00,True,0.0881,2
LOT_0685,2008-02-09T12:44:00,True,0.061,0
LOT_0686,2008-02-09T13:05:00,True,0.061,1
LOT_0687,2008-02-09T13:08:00,True,0.0746,1
LOT_0688,2008-02-09T13:27:00,True,0.0678,1
LOT_0689,2008-02-09T13:40:00,True,0.0475,2
LOT_0690,2008-02-09T14:09:00,True,0.0746,10
LOT_0691,2008-02-09T14:21:00,True,0.0407,5
LOT_0692,2008-02-09T14:34:00,True,0.0475,1
LOT_0693,2008-02-09T15:29:00,True,0.0407,0
LOT_0694,2008-02-09T16:10:00,True,0.0542,0
LOT_0695,2008-02-09T16:50:00,True,0.0475,2
LOT_0696,2008-02-09T16:54:00,True,0.0407,0
LOT_0697,2008-02-09T16:58:00,True,0.0746,1
LOT_0698,2008-02-09T17:10:00,True,0.0814,1
LOT_0699,2008-02-09T17:18:00,True,0.0407,4
LOT_0700,2008-02-09T18:38:00,True,0.0407,2
LOT_0701,2008-02-09T18:52:00,True,0.1424,1
LOT_0702,2008-02-09T19:18:00,True,0.0746,1
LOT_0703,2008-02-09T20:18:00,True,0.061,8
LOT_0704,2008-02-09T20:52:00,True,0.0339,3
LOT_0705,2008-02-09T20:58:00,True,0.0407,3
LOT_0706,2008-02-09T20:59:00,True,0.0542,1
LOT_0707,2008-03-09T00:18:00,True,0.0678,0
LOT_0708,2008-03-09T00:45:00,True,0.0661,2
LOT_0709,2008-03-09T00:58:00,True,0.0593,3
LOT_0710,2008-03-09T01:15:00,False,0.0814,18
LOT_0711,2008-03-09T01:32:00,True,0.0475,0
LOT_0712,2008-03-09T04:18:00,True,0.0339,0
LOT_0713,2008-03-09T06:26:00,True,0.0475,0
LOT_0714,2008-03-09T09:38:00,True,0.0407,11
LOT_0715,2008-03-09T14:24:00,True,0.0475,0
LOT_0716,2008-03-09T14:29:00,True,0.0475,4
LOT_0717,2008-03-09T17:22:00,True,0.0339,1
LOT_0718,2008-03-09T18:16:00,True,0.0542,0
LOT_0719,2008-03-09T18:16:00,True,0.061,1
LOT_0720,2008-03-09T20:00:00,True,0.0407,3
LOT_0721,2008-03-09T20:10:00,True,0.0678,2
LOT_0722,2008-04-09T08:01:00,True,0.0678,4
LOT_0723,2008-04-09T08:22:00,True,0.0475,0
LOT_0724,2008-04-09T08:33:00,True,0.0475,0
LOT_0725,2008-04-09T08:41:00,True,0.0407,0
LOT_0726,2008-04-09T08:53:00,True,0.0475,2
LOT_0727,2008-04-09T11:50:00,True,0.0475,1
LOT_0728,2008-04-09T14:09:00,True,0.0475,0
LOT_0729,2008-04-09T14:11:00,True,0.061,3
LOT_0730,2008-04-09T14:48:00,True,0.0475,1
LOT_0731,2008-04-09T16:30:00,True,0.061,1
LOT_0732,2008-04-09T16:41:00,True,0.0475,0
LOT_0733,2008-04-09T16:56:00,True,0.0814,7
LOT_0734,2008-04-09T17:30:00,True,0.0678,1
LOT_0735,2008-05-09T15:30:00,True,0.0475,4
LOT_0736,2008-05-09T21:48:00,True,0.1492,0
LOT_0737,2008-07-09T00:08:00,True,0.0407,1
LOT_0738,2008-07-09T00:12:00,True,0.0678,0
LOT_0739,2008-07-09T00:49:00,True,0.0475,6
LOT_0740,2008-07-09T10:52:00,True,0.0475,1
LOT_0741,2008-07-09T12:04:00,True,0.0475,1
LOT_0742,2008-07-09T12:20:00,True,0.0542,0
LOT_0743,2008-07-09T13:02:00,True,0.0475,0
LOT_0744,2008-07-09T18:02:00,True,0.061,0
LOT_0745,2008-07-09T18:24:00,True,0.0407,0
LOT_0746,2008-07-09T18:49:00,True,0.0407,0
LOT_0747,2008-07-09T19:29:00,True,0.0475,2
LOT_0748,2008-07-09T19:31:00,True,0.0475,3
LOT_0749,2008-07-09T20:12:00,True,0.0475,1
LOT_0750,2008-07-09T20:50:00,True,0.0475,0
LOT_0751,2008-07-09T23:33:00,True,0.0678,9
LOT_0752,2008-08-09T00:32:00,True,0.0678,2
LOT_0753,2008-08-09T00:40:00,True,0.122,0
LOT_0754,2008-08-09T01:24:00,True,0.0407,3
LOT_0755,2008-08-09T03:32:00,True,0.0407,0
LOT_0756,2008-08-09T03:48:00,True,0.0407,0
LOT_0757,2008-08-09T04:21:00,True,0.0475,4
LOT_0758,2008-08-09T06:37:00,True,0.0475,0
LOT_0759,2008-08-09T07:14:00,True,0.0407,0
LOT_0760,2008-08-09T07:41:00,True,0.0542,15
LOT_0761,2008-08-09T18:46:00,True,0.0542,0
LOT_0762,2008-08-09T19:14:00,True,0.0475,0
LOT_0763,2008-08-09T19:15:00,True,0.0542,2
LOT_0764,2008-08-09T19:25:00,True,0.0475,8
LOT_0765,2008-08-09T19:33:00,True,0.0678,1
LOT_0766,2008-08-09T20:00:00,True,0.0407,4
LOT_0767,2008-08-09T21:36:00,True,0.0678,1
LOT_0768,2008-08-09T21:53:00,True,0.0475,16
LOT_0769,2008-08-09T22:17:00,True,0.0678,3
LOT_0770,2008-09-09T00:25:00,True,0.0407,6
LOT_0771,2008-09-09T03:53:00,True,0.0475,4
LOT_0772,2008-09-09T08:44:00,True,0.0475,3
LOT_0773,2008-10-09T07:26:00,True,0.0407,0
LOT_0774,2008-10-09T09:21:00,True,0.0068,2
LOT_0775,2008-10-09T20:52:00,True,0.0542,1
LOT_0776,2008-10-09T20:53:00,True,0.0475,1
LOT_0777,2008-10-09T21:56:00,True,0.0203,1
LOT_0778,2008-10-09T23:30:00,True,0.0542,2
LOT_0779,2008-10-09T23:43:00,True,0.0542,1
LOT_0780,2008-11-09T00:17:00,True,0.0746,1
LOT_0781,2008-11-09T05:20:00,True,0.0542,4
LOT_0782,2008-11-09T06:04:00,True,0.0407,1
LOT_0783,2008-11-09T07:43:00,True,0.0542,0
LOT_0784,2008-11-09T08:06:00,True,0.0271,0
LOT_0785,2008-11-09T08:58:00,True,0.0542,1
LOT_0786,2008-11-09T09:24:00,True,0.0678,0
LOT_0787,2008-11-09T12:47:00,True,0.0678,4
LOT_0788,2008-11-09T13:36:00,True,0.0475,2
LOT_0789,2008-11-09T14:20:00,True,0.0407,4
LOT_0790,2008-11-09T14:24:00,True,0.0475,3
LOT_0791,2008-11-09T14:31:00,True,0.0475,4
LOT_0792,2008-11-09T15:05:00,True,0.061,3
LOT_0793,2008-11-09T15:08:00,True,0.0542,1
LOT_0794,2008-11-09T16:28:00,True,0.061,2
LOT_0795,2008-11-09T21:13:00,True,0.061,2
LOT_0796,2008-11-09T22:07:00,False,0.0475,1
LOT_0797,2008-11-09T23:10:00,True,0.0407,3
LOT_0798,2008-11-09T23:48:00,False,0.0542,3
LOT_0799,2008-12-09T05:11:00,True,0.0407,2
LOT_0800,2008-12-09T05:55:00,True,0.0203,2
LOT_0801,2008-12-09T06:38:00,True,0.0542,18
LOT_0802,2008-12-09T06:41:00,True,0.0814,0
LOT_0803,2008-12-09T06:45:00,True,0.0407,1
LOT_0804,2008-12-09T07:21:00,True,0.0542,2
LOT_0805,2008-12-09T07:29:00,True,0.0339,0
LOT_0806,2008-12-09T07:38:00,True,0.0203,2
LOT_0807,2008-12-09T11:57:00,True,0.0203,2
LOT_0808,2008-12-09T13:08:00,True,0.1085,1
LOT_0809,2008-12-09T14:52:00,True,0.0339,1
LOT_0810,2008-12-09T15:40:00,True,0.061,1
LOT_0811,2008-12-09T16:23:00,True,0.1678,1
LOT_0812,2008-12-09T18:01:00,True,0.0339,0
LOT_0813,2008-12-09T18:52:00,True,0.0407,7
LOT_0814,2008-12-09T19:36:00,True,0.0407,7
LOT_0815,2008-12-09T20:28:00,True,0.1627,0
LOT_0816,2008-12-09T21:12:00,True,0.0407,5
LOT_0817,2008-12-09T22:25:00,True,0.0407,2
LOT_0818,2008-12-09T22:45:00,True,0.0068,8
LOT_0819,2008-12-09T23:28:00,True,0.0339,3
LOT_0820,2008-12-09T23:40:00,True,0.0475,2
LOT_0821,2008-09-13T00:25:00,True,0.0407,2
LOT_0822,2008-09-13T02:57:00,True,0.0407,2
LOT_0823,2008-09-13T03:14:00,True,0.0136,2
LOT_0824,2008-09-13T09:19:00,True,0.0136,0
LOT_0825,2008-09-13T10:55:00,True,0.0203,4
LOT_0826,2008-09-13T11:42:00,True,0.0475,4
LOT_0827,2008-09-13T11:56:00,False,0.0339,3
LOT_0828,2008-09-13T12:48:00,True,0.061,3
LOT_0829,2008-09-13T14:07:00,True,0.0407,5
LOT_0830,2008-09-13T16:04:00,True,0.0678,4
LOT_0831,2008-09-13T16:04:00,True,0.0339,2
LOT_0832,2008-09-13T20:06:00,False,0.0814,0
LOT_0833,2008-09-14T02:50:00,True,0.0203,6
LOT_0834,2008-09-14T02:59:00,True,0.0136,2
LOT_0835,2008-09-14T15:02:00,True,0.0475,5
LOT_0836,2008-09-14T15:46:00,True,0.0136,3
LOT_0837,2008-09-14T16:34:00,True,0.0475,1
LOT_0838,2008-09-14T17:40:00,True,0.0542,2
LOT_0839,2008-09-14T18:27:00,True,0.0407,0
LOT_0840,2008-09-14T18:27:00,True,0.0407,4
LOT_0841,2008-09-14T19:13:00,True,0.061,0
LOT_0842,2008-09-14T20:00:00,True,0.061,5
LOT_0843,2008-09-14T20:43:00,True,0.0203,1
LOT_0844,2008-09-14T20:45:00,True,0.0068,3
LOT_0845,2008-09-14T21:31:00,True,0.0339,0
LOT_0846,2008-09-14T23:00:00,True,0.0271,6
LOT_0847,2008-09-15T02:04:00,True,0.1424,1
LOT_0848,2008-09-15T10:03:00,True,0.0136,0
LOT_0849,2008-09-15T11:40:00,True,0.061,0
LOT_0850,2008-09-15T12:27:00,True,0.0339,0
LOT_0851,2008-09-15T16:10:00,True,0.0203,3
LOT_0852,2008-09-15T16:59:00,True,0.0475,0
LOT_0853,2008-09-15T19:54:00,True,0.0068,10
LOT_0854,2008-09-15T21:56:00,True,0.0136,2
LOT_0855,2008-09-15T22:13:00,True,0.0678,1
LOT_0856,2008-09-15T22:45:00,True,0.0339,0
LOT_0857,2008-09-15T22:54:00,True,0.061,19
LOT_0858,2008-09-15T23:37:00,True,0.0475,7
LOT_0859,2008-09-16T07:39:00,True,0.0271,1
LOT_0860,2008-09-16T07:48:00,True,0.0407,4
LOT_0861,2008-09-16T08:50:00,True,0.0407,0
LOT_0862,2008-09-16T08:52:00,True,0.0746,6
LOT_0863,2008-09-16T09:37:00,True,0.0475,3
LOT_0864,2008-09-16T17:07:00,True,0.0542,0
LOT_0865,2008-09-16T18:09:00,True,0.0136,2
LOT_0866,2008-09-16T18:23:00,True,0.0678,1
LOT_0867,2008-09-16T19:34:00,True,0.0746,1
LOT_0868,2008-09-16T19:45:00,True,0.0475,9
LOT_0869,2008-09-16T21:21:00,True,0.0203,3
LOT_0870,2008-09-16T22:45:00,True,0.0407,2
LOT_0871,2008-09-17T02:01:00,True,0.0203,2
LOT_0872,2008-09-17T04:23:00,False,0.0136,6
LOT_0873,2008-09-17T07:14:00,True,0.0407,3
LOT_0874,2008-09-17T07:28:00,True,0.061,0
LOT_0875,2008-09-17T21:52:00,True,0.0407,8
LOT_0876,2008-09-18T00:57:00,True,0.0407,3
LOT_0877,2008-09-18T01:40:00,True,0.0475,3
LOT_0878,2008-09-18T01:43:00,True,0.061,1
LOT_0879,2008-09-18T02:01:00,True,0.0475,13
LOT_0880,2008-09-18T03:58:00,True,0.0407,5
LOT_0881,2008-09-18T03:58:00,True,0.0203,6
LOT_0882,2008-09-18T05:44:00,True,0.0339,2
LOT_0883,2008-09-18T05:58:00,True,0.0203,1
LOT_0884,2008-09-18T08:04:00,True,0.0271,1
LOT_0885,2008-09-18T10:48:00,True,0.061,1
LOT_0886,2008-09-18T13:48:00,True,0.0271,3
LOT_0887,2008-09-18T17:22:00,True,0.0475,0
LOT_0888,2008-09-18T18:12:00,True,0.0475,5
LOT_0889,2008-09-18T18:56:00,True,0.0136,6
LOT_0890,2008-09-18T21:12:00,True,0.0458,6
LOT_0891,2008-09-18T21:56:00,True,0.0407,5
LOT_0892,2008-09-18T23:00:00,True,0.0593,5
LOT_0893,2008-09-18T23:05:00,True,0.0203,3
LOT_0894,2008-09-18T23:44:00,True,0.0136,6
LOT_0895,2008-09-19T00:30:00,True,0.0203,0
LOT_0896,2008-09-19T01:57:00,True,0.061,0
LOT_0897,2008-09-19T02:44:00,True,0.0203,1
LOT_0898,2008-09-19T04:42:00,True,0.0407,8
LOT_0899,2008-09-19T05:33:00,True,0.0407,7
LOT_0900,2008-09-19T05:57:00,True,0.0339,0
LOT_0901,2008-09-19T06:01:00,True,0.0407,0
LOT_0902,2008-09-19T06:44:00,True,0.0475,5
LOT_0903,2008-09-19T07:14:00,True,0.0203,1
LOT_0904,2008-09-19T07:18:00,True,0.0203,4
LOT_0905,2008-09-19T08:08:00,True,0.0203,0
LOT_0906,2008-09-19T08:52:00,True,0.0407,1
LOT_0907,2008-09-19T09:12:00,True,0.0407,12
LOT_0908,2008-09-19T09:47:00,True,0.0136,1
LOT_0909,2008-09-19T10:45:00,True,0.0407,7
LOT_0910,2008-09-19T11:13:00,True,0.0136,3
LOT_0911,2008-09-19T11:54:00,True,0.0407,4
LOT_0912,2008-09-19T13:59:00,True,0.0475,3
LOT_0913,2008-09-19T15:31:00,True,0.0475,2
LOT_0914,2008-09-19T16:40:00,True,0.0407,5
LOT_0915,2008-09-19T16:58:00,False,0.0203,0
LOT_0916,2008-09-19T17:47:00,True,0.0271,1
LOT_0917,2008-09-19T18:11:00,True,0.0339,3
LOT_0918,2008-09-19T18:33:00,True,0.0339,1
LOT_0919,2008-09-19T19:18:00,True,0.0339,7
LOT_0920,2008-09-19T19:29:00,True,0.0203,7
LOT_0921,2008-09-19T20:05:00,True,0.0746,3
LOT_0922,2008-09-19T20:07:00,True,0.0271,0
LOT_0923,2008-09-19T20:10:00,True,0.0203,2
LOT_0924,2008-09-19T20:17:00,True,0.061,24
LOT_0925,2008-09-19T20:19:00,False,0.0271,4
LOT_0926,2008-09-19T21:08:00,True,0.0203,6
LOT_0927,2008-09-19T21:09:00,False,0.0407,7
LOT_0928,2008-09-19T21:13:00,True,0.0475,0
LOT_0929,2008-09-19T21:14:00,True,0.1153,5
LOT_0930,2008-09-19T21:59:00,False,0.0203,3
LOT_0931,2008-09-19T23:26:00,True,0.0203,0
LOT_0932,2008-09-19T23:33:00,True,0.0407,16
LOT_0933,2008-09-20T00:18:00,True,0.0136,5
LOT_0934,2008-09-20T00:33:00,True,0.0203,11
LOT_0935,2008-09-20T03:58:00,True,0.0339,0
LOT_0936,2008-09-20T04:13:00,True,0.0136,6
LOT_0937,2008-09-20T04:28:00,True,0.0475,6
LOT_0938,2008-09-20T05:22:00,True,0.0475,3
LOT_0939,2008-09-20T05:25:00,True,0.0136,7
LOT_0940,2008-09-20T05:34:00,True,0.0475,0
LOT_0941,2008-09-20T06:08:00,True,0.0339,1
LOT_0942,2008-09-20T07:21:00,True,0.0407,0
LOT_0943,2008-09-20T08:14:00,True,0.0475,3
LOT_0944,2008-09-20T10:51:00,True,0.0475,4
LOT_0945,2008-09-20T11:18:00,True,0.0203,3
LOT_0946,2008-09-20T12:20:00,True,0.0475,8
LOT_0947,2008-09-20T12:26:00,True,0.0203,5
LOT_0948,2008-09-20T12:27:00,True,0.0203,5
LOT_0949,2008-09-20T12:36:00,True,0.0746,0
LOT_0950,2008-09-20T12:57:00,True,0.0407,4
LOT_0951,2008-09-20T14:00:00,True,0.061,3
LOT_0952,2008-09-20T14:06:00,True,0.0203,2
LOT_0953,2008-09-20T14:42:00,True,0.0068,12
LOT_0954,2008-09-20T14:50:00,True,0.0271,3
LOT_0955,2008-09-20T14:53:00,True,0.0407,2
LOT_0956,2008-09-20T15:02:00,True,0.0136,1
LOT_0957,2008-09-20T15:19:00,True,0.0271,18
LOT_0958,2008-09-20T15:37:00,True,0.0136,0
LOT_0959,2008-09-20T15:46:00,True,0.0407,0
LOT_0960,2008-09-20T16:43:00,True,0.0339,1
LOT_0961,2008-09-20T16:44:00,True,0.0407,2
LOT_0962,2008-09-20T17:26:00,True,0.0542,5
LOT_0963,2008-09-20T17:29:00,True,0.0136,0
LOT_0964,2008-09-20T18:03:00,True,0.0407,2
LOT_0965,2008-09-20T18:21:00,True,0.0339,4
LOT_0966,2008-09-20T18:56:00,True,0.0203,3
LOT_0967,2008-09-20T19:14:00,True,0.0475,2
LOT_0968,2008-09-20T19:21:00,True,0.0271,2
LOT_0969,2008-09-20T23:34:00,True,0.0525,1
LOT_0970,2008-09-21T00:48:00,True,0.0203,4
LOT_0971,2008-09-21T01:06:00,True,0.0339,1
LOT_0972,2008-09-21T02:07:00,True,0.0542,3
LOT_0973,2008-09-21T03:04:00,True,0.0407,3
LOT_0974,2008-09-21T03:47:00,True,0.0136,2
LOT_0975,2008-09-21T04:17:00,True,0.0339,2
LOT_0976,2008-09-21T04:49:00,True,0.0407,1
LOT_0977,2008-09-21T07:30:00,True,0.0271,6
LOT_0978,2008-09-21T07:55:00,True,0.0339,0
LOT_0979,2008-09-21T08:22:00,True,0.0271,1
LOT_0980,2008-09-21T08:49:00,True,0.0271,4
LOT_0981,2008-09-21T09:16:00,True,0.0271,0
LOT_0982,2008-09-21T09:31:00,True,0.0593,15
LOT_0983,2008-09-21T10:07:00,True,0.0271,6
LOT_0984,2008-09-21T10:49:00,True,0.0203,2
LOT_0985,2008-09-21T11:33:00,True,0.0203,7
LOT_0986,2008-09-21T12:04:00,True,0.0339,9
LOT_0987,2008-09-21T14:30:00,True,0.0271,2
LOT_0988,2008-09-21T14:31:00,True,0.0407,1
LOT_0989,2008-09-21T14:33:00,True,0.0203,0
LOT_0990,2008-09-21T15:15:00,True,0.0271,0
LOT_0991,2008-09-21T15:26:00,True,0.0475,2
LOT_0992,2008-09-21T15:34:00,True,0.0203,1
LOT_0993,2008-09-21T16:43:00,True,0.0542,0
LOT_0994,2008-09-21T17:26:00,True,0.0542,5
LOT_0995,2008-09-21T17:30:00,True,0.0271,6
LOT_0996,2008-09-21T18:12:00,True,0.1559,1
LOT_0997,2008-09-21T19:19:00,True,0.0542,4
LOT_0998,2008-09-21T20:35:00,True,0.0203,0
LOT_0999,2008-09-21T21:54:00,True,0.0203,10
LOT_1000,2008-09-21T22:02:00,True,0.0407,0
LOT_1001,2008-09-22T00:12:00,True,0.0271,1
LOT_1002,2008-09-22T00:28:00,True,0.0475,3
LOT_1003,2008-09-22T00:47:00,True,0.0475,3
LOT_1004,2008-09-22T01:43:00,True,0.0339,0
LOT_1005,2008-09-22T03:51:00,True,0.0475,0
LOT_1006,2008-09-22T06:05:00,True,0.0203,6
LOT_1007,2008-09-22T07:12:00,True,0.0339,0
LOT_1008,2008-09-22T10:43:00,True,0.0678,1
LOT_1009,2008-09-22T11:50:00,True,0.0407,5
LOT_1010,2008-09-22T12:11:00,True,0.0475,7
LOT_1011,2008-09-22T12:45:00,True,0.0203,0
LOT_1012,2008-09-22T13:03:00,True,0.061,2
LOT_1013,2008-09-22T14:24:00,True,0.0271,2
LOT_1014,2008-09-22T14:27:00,True,0.0339,0
LOT_1015,2008-09-22T14:36:00,True,0.0475,4
LOT_1016,2008-09-22T16:25:00,True,0.061,4
LOT_1017,2008-09-22T21:30:00,True,0.039,10
LOT_1018,2008-09-22T21:31:00,True,0.0475,1
LOT_1019,2008-09-22T22:15:00,True,0.0475,6
LOT_1020,2008-09-22T22:17:00,True,0.0136,0
LOT_1021,2008-09-22T23:01:00,True,0.0203,1
LOT_1022,2008-09-22T23:10:00,True,0.0203,3
LOT_1023,2008-09-23T00:57:00,True,0.0339,7
LOT_1024,2008-09-23T06:44:00,True,0.0203,1
LOT_1025,2008-09-23T06:44:00,True,0.0339,3
LOT_1026,2008-09-23T06:52:00,True,0.0407,3
LOT_1027,2008-09-23T07:58:00,True,0.0339,3
LOT_1028,2008-09-23T08:11:00,True,0.0271,0
LOT_1029,2008-09-23T09:43:00,True,0.0203,0
LOT_1030,2008-09-23T11:14:00,False,0.0475,8
LOT_1031,2008-09-23T11:42:00,True,0.0339,0
LOT_1032,2008-09-23T11:43:00,True,0.0339,2
LOT_1033,2008-09-23T12:29:00,True,0.0271,0
LOT_1034,2008-09-23T12:31:00,True,0.0271,5
LOT_1035,2008-09-23T12:46:00,True,0.0475,0
LOT_1036,2008-09-23T13:37:00,True,0.0271,0
LOT_1037,2008-09-23T15:23:00,True,0.0475,0
LOT_1038,2008-09-23T15:33:00,True,0.0475,9
LOT_1039,2008-09-23T15:58:00,True,0.0525,7
LOT_1040,2008-09-23T18:10:00,True,0.0475,0
LOT_1041,2008-09-23T18:36:00,True,0.0542,1
LOT_1042,2008-09-23T18:56:00,True,0.0339,1
LOT_1043,2008-09-23T20:18:00,True,0.0475,2
LOT_1044,2008-09-23T20:59:00,True,0.0475,0
LOT_1045,2008-09-23T21:26:00,True,0.0136,4
LOT_1046,2008-09-23T22:25:00,True,0.0203,1
LOT_1047,2008-09-24T02:19:00,True,0.0339,1
LOT_1048,2008-09-24T02:44:00,True,0.0203,1
LOT_1049,2008-09-24T03:32:00,True,0.0339,3
LOT_1050,2008-09-24T03:40:00,True,0.0525,0
LOT_1051,2008-09-24T05:13:00,True,0.0271,3
LOT_1052,2008-09-24T05:22:00,True,0.0271,0
LOT_1053,2008-09-24T06:13:00,True,0.0339,5
LOT_1054,2008-09-24T06:14:00,True,0.0339,1
LOT_1055,2008-09-24T07:23:00,True,0.1559,3
LOT_1056,2008-09-24T10:10:00,True,0.0339,0
LOT_1057,2008-09-24T10:53:00,True,0.0203,16
LOT_1058,2008-09-24T10:59:00,True,0.0339,0
LOT_1059,2008-09-24T11:47:00,True,0.0407,2
LOT_1060,2008-09-24T12:04:00,True,0.0203,1
LOT_1061,2008-09-24T12:35:00,True,0.0271,1
LOT_1062,2008-09-24T13:01:00,True,0.0203,0
LOT_1063,2008-09-24T15:05:00,False,0.0339,2
LOT_1064,2008-09-24T15:39:00,True,0.0339,0
LOT_1065,2008-09-24T15:42:00,True,0.0475,3
LOT_1066,2008-09-24T15:43:00,True,0.0136,2
LOT_1067,2008-09-24T16:26:00,True,0.0339,2
LOT_1068,2008-09-24T17:54:00,True,0.0475,0
LOT_1069,2008-09-24T18:05:00,True,0.0542,0
LOT_1070,2008-09-25T01:05:00,True,0.0271,15
LOT_1071,2008-09-25T02:03:00,True,0.0339,0
LOT_1072,2008-09-25T06:21:00,True,0.0203,3
LOT_1073,2008-09-25T07:12:00,True,0.0339,8
LOT_1074,2008-09-25T07:58:00,True,0.0271,3
LOT_1075,2008-09-25T08:45:00,True,0.0271,8
LOT_1076,2008-09-25T09:31:00,True,0.0678,7
LOT_1077,2008-09-25T10:23:00,True,0.0475,2
LOT_1078,2008-09-25T11:08:00,True,0.0339,2
LOT_1079,2008-09-25T11:09:00,True,0.0136,1
LOT_1080,2008-09-25T11:55:00,True,0.0458,0
LOT_1081,2008-09-25T13:42:00,True,0.0203,2
LOT_1082,2008-09-25T14:08:00,True,0.0407,0
LOT_1083,2008-09-25T14:28:00,True,0.0271,3
LOT_1084,2008-09-25T15:12:00,True,0.0271,5
LOT_1085,2008-09-25T15:40:00,True,0.0593,0
LOT_1086,2008-09-25T15:55:00,True,0.0339,1
LOT_1087,2008-09-25T16:44:00,True,0.0271,10
LOT_1088,2008-09-25T17:28:00,True,0.0203,0
LOT_1089,2008-09-25T17:29:00,True,0.0271,1
LOT_1090,2008-09-25T19:49:00,True,0.0475,1
LOT_1091,2008-09-25T22:05:00,True,0.0271,1
LOT_1092,2008-09-25T23:04:00,True,0.0203,4
LOT_1093,2008-09-25T23:48:00,True,0.0271,6
LOT_1094,2008-09-26T00:19:00,True,0.0203,0
LOT_1095,2008-09-26T01:21:00,True,0.0271,3
LOT_1096,2008-09-26T02:26:00,True,0.0271,1
LOT_1097,2008-09-26T03:12:00,True,0.0203,0
LOT_1098,2008-09-26T03:29:00,True,0.0271,8
LOT_1099,2008-09-26T04:14:00,True,0.0475,2
LOT_1100,2008-09-26T05:32:00,True,0.0339,1
LOT_1101,2008-09-26T11:08:00,True,0.0203,4
LOT_1102,2008-09-26T13:36:00,True,0.0271,0
LOT_1103,2008-09-26T13:45:00,True,0.0407,3
LOT_1104,2008-09-26T14:20:00,True,0.0407,2
LOT_1105,2008-09-26T14:51:00,True,0.0339,5
LOT_1106,2008-09-26T15:06:00,True,0.0339,10
LOT_1107,2008-09-26T15:36:00,True,0.0271,10
LOT_1108,2008-09-26T15:49:00,True,0.0339,1
LOT_1109,2008-09-26T16:31:00,True,0.0271,5
LOT_1110,2008-09-26T17:59:00,True,0.0203,3
LOT_1111,2008-09-26T18:54:00,True,0.0203,3
LOT_1112,2008-09-26T19:38:00,True,0.0203,1
LOT_1113,2008-09-26T19:45:00,True,0.0203,2
LOT_1114,2008-09-26T19:55:00,True,0.0203,3
LOT_1115,2008-09-26T20:23:00,True,0.0203,3
LOT_1116,2008-09-26T20:31:00,True,0.0271,0
LOT_1117,2008-09-27T00:16:00,True,0.0203,7
LOT_1118,2008-09-27T00:17:00,True,0.0542,3
LOT_1119,2008-09-27T01:29:00,True,0.0475,0
LOT_1120,2008-09-27T03:53:00,True,0.0203,0
LOT_1121,2008-09-27T10:10:00,True,0.0407,1
LOT_1122,2008-09-27T10:13:00,True,0.0203,7
LOT_1123,2008-09-27T11:04:00,True,0.0271,0
LOT_1124,2008-09-27T11:45:00,True,0.0542,22
LOT_1125,2008-09-27T11:54:00,True,0.0271,13
LOT_1126,2008-09-27T12:26:00,True,0.0271,0
LOT_1127,2008-09-27T12:28:00,True,0.0475,0
LOT_1128,2008-09-27T12:36:00,True,0.0458,1
LOT_1129,2008-09-27T13:14:00,True,0.0475,2
LOT_1130,2008-09-27T13:19:00,True,0.0271,3
LOT_1131,2008-09-27T14:01:00,True,0.0339,2
LOT_1132,2008-09-27T14:05:00,True,0.0339,3
LOT_1133,2008-09-27T14:46:00,True,0.0203,0
LOT_1134,2008-09-27T15:09:00,True,0.0203,0
LOT_1135,2008-09-27T15:30:00,True,0.0203,6
LOT_1136,2008-09-27T16:13:00,True,0.0475,2
LOT_1137,2008-09-27T17:26:00,True,0.0136,3
LOT_1138,2008-09-27T18:14:00,True,0.0271,7
LOT_1139,2008-09-27T19:16:00,True,0.0542,0
LOT_1140,2008-09-27T20:46:00,True,0.061,0
LOT_1141,2008-09-27T21:45:00,True,0.0881,2
LOT_1142,2008-09-28T00:51:00,True,0.0339,6
LOT_1143,2008-09-28T01:22:00,True,0.0271,5
LOT_1144,2008-09-28T03:55:00,True,0.0203,3
LOT_1145,2008-09-28T04:45:00,False,0.0271,11
LOT_1146,2008-09-28T05:31:00,True,0.0475,6
LOT_1147,2008-09-28T06:22:00,True,0.0203,2
LOT_1148,2008-09-28T07:38:00,True,0.0475,9
LOT_1149,2008-09-28T07:52:00,True,0.0271,0
LOT_1150,2008-09-28T08:40:00,True,0.0271,1
LOT_1151,2008-09-28T08:41:00,True,0.0271,10
LOT_1152,2008-09-28T09:50:00,False,0.0339,17
LOT_1153,2008-09-28T17:05:00,True,0.1695,0
LOT_1154,2008-09-28T17:06:00,True,0.0475,0
LOT_1155,2008-09-28T17:49:00,True,0.0339,1
LOT_1156,2008-09-28T17:55:00,True,0.0271,5
LOT_1157,2008-09-28T18:34:00,True,0.0271,1
LOT_1158,2008-09-28T18:43:00,True,0.0271,7
LOT_1159,2008-09-28T19:18:00,True,0.0407,4
LOT_1160,2008-09-28T19:29:00,True,0.0407,2
LOT_1161,2008-09-28T20:02:00,True,0.0339,3
LOT_1162,2008-09-28T20:42:00,True,0.0475,3
LOT_1163,2008-09-28T21:08:00,True,0.0271,2
LOT_1164,2008-09-28T21:27:00,True,0.0271,2
LOT_1165,2008-09-28T22:44:00,True,0.0136,4
LOT_1166,2008-09-28T23:54:00,True,0.0271,2
LOT_1167,2008-09-29T02:06:00,True,0.0475,3
LOT_1168,2008-09-29T03:07:00,True,0.0407,9
LOT_1169,2008-09-29T03:50:00,True,0.0203,1
LOT_1170,2008-09-29T04:18:00,True,0.0407,5
LOT_1171,2008-09-29T04:47:00,True,0.0136,4
LOT_1172,2008-09-29T05:32:00,True,0.0203,1
LOT_1173,2008-09-29T07:53:00,True,0.0203,4
LOT_1174,2008-09-29T09:15:00,True,0.0475,2
LOT_1175,2008-09-29T11:13:00,True,0.0271,5
LOT_1176,2008-09-29T11:53:00,True,0.0203,6
LOT_1177,2008-09-29T12:25:00,True,0.0271,1
LOT_1178,2008-09-29T14:03:00,True,0.0136,17
LOT_1179,2008-09-29T14:04:00,True,0.0203,2
LOT_1180,2008-09-29T14:08:00,True,0.0271,0
LOT_1181,2008-09-29T15:09:00,True,0.0136,0
LOT_1182,2008-09-29T15:16:00,True,0.0339,5
LOT_1183,2008-09-29T16:27:00,True,0.0136,2
LOT_1184,2008-09-29T17:21:00,True,0.0136,7
LOT_1185,2008-09-29T21:26:00,True,0.0203,2
LOT_1186,2008-09-29T21:48:00,False,0.0271,0
LOT_1187,2008-09-29T22:13:00,True,0.0407,4
LOT_1188,2008-09-30T01:33:00,True,0.0339,6
LOT_1189,2008-09-30T01:36:00,True,0.0475,4
LOT_1190,2008-09-30T02:44:00,False,0.0203,2
LOT_1191,2008-09-30T04:01:00,True,0.0475,2
LOT_1192,2008-09-30T04:42:00,True,0.0203,6
LOT_1193,2008-09-30T08:44:00,True,0.0136,0
LOT_1194,2008-09-30T12:31:00,True,0.0525,2
LOT_1195,2008-09-30T13:29:00,True,0.0271,3
LOT_1196,2008-09-30T14:20:00,True,0.0203,5
LOT_1197,2008-09-30T14:36:00,True,0.0203,1
LOT_1198,2008-09-30T15:16:00,True,0.0322,3
LOT_1199,2008-09-30T15:26:00,True,0.0271,0
LOT_1200,2008-09-30T16:13:00,True,0.0136,1
LOT_1201,2008-09-30T16:50:00,True,0.0407,0
LOT_1202,2008-09-30T17:27:00,True,0.0339,1
LOT_1203,2008-09-30T19:17:00,True,0.0136,0
LOT_1204,2008-09-30T19:17:00,True,0.0136,10
LOT_1205,2008-09-30T21:39:00,True,0.0271,2
LOT_1206,2008-09-30T21:42:00,True,0.0136,1
LOT_1207,2008-09-30T23:34:00,True,0.1288,1
LOT_1208,2008-09-30T23:58:00,True,0.0203,0
LOT_1209,2008-01-10T00:20:00,True,0.0068,0
LOT_1210,2008-01-10T01:11:00,True,0.0407,2
LOT_1211,2008-01-10T02:53:00,True,0.0271,2
LOT_1212,2008-01-10T05:56:00,False,0.0475,5
LOT_1213,2008-01-10T07:19:00,True,0.0203,0
LOT_1214,2008-01-10T07:28:00,True,0.0203,2
LOT_1215,2008-01-10T08:15:00,True,0.0475,0
LOT_1216,2008-01-10T09:15:00,True,0.0542,0
LOT_1217,2008-01-10T09:16:00,True,0.0475,0
LOT_1218,2008-01-10T14:22:00,True,0.0271,4
LOT_1219,2008-01-10T15:16:00,True,0.0542,2
LOT_1220,2008-01-10T16:43:00,True,0.0136,0
LOT_1221,2008-01-10T19:57:00,True,0.0339,0
LOT_1222,2008-01-10T21:15:00,True,0.0339,1
LOT_1223,2008-01-10T21:50:00,True,0.0271,1
LOT_1224,2008-01-10T22:47:00,True,0.0271,7
LOT_1225,2008-01-10T23:34:00,True,0.0271,0
LOT_1226,2008-02-10T00:21:00,True,0.0203,1
LOT_1227,2008-02-10T00:22:00,True,0.0203,3
LOT_1228,2008-02-10T03:17:00,False,0.0339,6
LOT_1229,2008-02-10T03:27:00,True,0.0271,2
LOT_1230,2008-02-10T04:11:00,True,0.0271,3
LOT_1231,2008-02-10T04:23:00,True,0.0475,16
LOT_1232,2008-02-10T04:24:00,True,0.0339,1
LOT_1233,2008-02-10T06:49:00,True,0.0407,1
LOT_1234,2008-02-10T07:35:00,True,0.0593,1
LOT_1235,2008-02-10T07:58:00,True,0.1153,8
LOT_1236,2008-02-10T08:24:00,True,0.0339,3
LOT_1237,2008-02-10T08:52:00,True,0.0203,3
LOT_1238,2008-02-10T08:57:00,True,0.0542,7
LOT_1239,2008-02-10T09:10:00,False,0.0136,3
LOT_1240,2008-02-10T09:42:00,True,0.0271,5
LOT_1241,2008-02-10T10:03:00,True,0.0407,0
LOT_1242,2008-02-10T14:07:00,False,0.0271,0
LOT_1243,2008-02-10T14:10:00,False,0.0339,7
LOT_1244,2008-02-10T14:54:00,True,0.0271,0
LOT_1245,2008-02-10T15:10:00,True,0.0203,5
LOT_1246,2008-02-10T15:44:00,True,0.0136,5
LOT_1247,2008-02-10T15:58:00,True,0.0068,3
LOT_1248,2008-02-10T16:32:00,True,0.0203,5
LOT_1249,2008-02-10T16:58:00,True,0.0271,1
LOT_1250,2008-02-10T17:00:00,True,0.0271,3
LOT_1251,2008-02-10T17:19:00,True,0.0339,2
LOT_1252,2008-02-10T19:21:00,True,0.0203,3
LOT_1253,2008-02-10T19:25:00,True,0.0203,11
LOT_1254,2008-02-10T20:54:00,True,0.0203,4
LOT_1255,2008-02-10T21:32:00,False,0.0203,3
LOT_1256,2008-02-10T21:33:00,True,0.0203,2
LOT_1257,2008-02-10T22:23:00,True,0.0068,4
LOT_1258,2008-02-10T22:33:00,True,0.0271,14
LOT_1259,2008-02-10T23:32:00,True,0.0271,2
LOT_1260,2008-02-10T23:32:00,True,0.0203,10
LOT_1261,2008-03-10T00:24:00,True,0.0271,11
LOT_1262,2008-03-10T00:55:00,True,0.0203,1
LOT_1263,2008-03-10T02:41:00,True,0.0475,1
LOT_1264,2008-03-10T03:52:00,True,0.0203,1
LOT_1265,2008-03-10T03:56:00,True,0.0203,5
LOT_1266,2008-03-10T04:49:00,True,0.0271,1
LOT_1267,2008-03-10T05:01:00,True,0.0339,2
LOT_1268,2008-03-10T05:45:00,True,0.0136,9
LOT_1269,2008-03-10T06:15:00,True,0.0203,3
LOT_1270,2008-03-10T08:35:00,True,0.0271,0
LOT_1271,2008-03-10T09:30:00,True,0.0271,4
LOT_1272,2008-03-10T11:40:00,True,0.0339,2
LOT_1273,2008-03-10T12:31:00,True,0.0339,0
LOT_1274,2008-03-10T18:45:00,True,0.0475,0
LOT_1275,2008-03-10T19:23:00,True,0.0542,7
LOT_1276,2008-03-10T19:23:00,True,0.0475,3
LOT_1277,2008-03-10T20:11:00,True,0.0475,0
LOT_1278,2008-03-10T20:26:00,True,0.0407,1
LOT_1279,2008-03-10T20:35:00,True,0.0475,1
LOT_1280,2008-03-10T20:46:00,True,0.0339,8
LOT_1281,2008-03-10T21:15:00,True,0.0339,3
LOT_1282,2008-03-10T21:52:00,True,0.0271,1
LOT_1283,2008-03-10T22:08:00,True,0.0271,2
LOT_1284,2008-03-10T22:53:00,True,0.0339,2
LOT_1285,2008-03-10T23:46:00,True,0.0339,1
LOT_1286,2008-04-10T00:58:00,True,0.0339,2
LOT_1287,2008-04-10T01:49:00,True,0.0271,4
LOT_1288,2008-04-10T02:36:00,True,0.0475,0
LOT_1289,2008-04-10T03:53:00,True,0.0271,0
LOT_1290,2008-04-10T04:12:00,True,0.0271,1
LOT_1291,2008-04-10T04:45:00,True,0.0475,0
LOT_1292,2008-04-10T09:29:00,True,0.0475,17
LOT_1293,2008-04-10T15:16:00,True,0.0271,4
LOT_1294,2008-04-10T16:58:00,True,0.0271,0
LOT_1295,2008-04-10T18:15:00,True,0.0271,3
LOT_1296,2008-04-10T18:25:00,True,0.0203,3
LOT_1297,2008-04-10T18:59:00,True,0.0271,3
LOT_1298,2008-04-10T19:12:00,True,0.0271,7
LOT_1299,2008-04-10T19:47:00,True,0.0475,6
LOT_1300,2008-04-10T19:54:00,True,0.0271,1
LOT_1301,2008-04-10T20:39:00,True,0.0203,1
LOT_1302,2008-04-10T22:06:00,True,0.0271,0
LOT_1303,2008-04-10T23:18:00,False,0.0271,0
LOT_1304,2008-05-10T00:33:00,False,0.0271,2
LOT_1305,2008-05-10T00:33:00,True,0.0271,12
LOT_1306,2008-05-10T01:35:00,True,0.0339,4
LOT_1307,2008-05-10T04:01:00,True,0.0203,1
LOT_1308,2008-05-10T04:20:00,True,0.0136,5
LOT_1309,2008-05-10T04:48:00,True,0.0339,8
LOT_1310,2008-05-10T05:31:00,True,0.0203,1
LOT_1311,2008-05-10T05:53:00,True,0.0475,7
LOT_1312,2008-05-10T06:15:00,True,0.0271,5
LOT_1313,2008-05-10T08:02:00,True,0.0475,6
LOT_1314,2008-05-10T08:40:00,True,0.0542,2
LOT_1315,2008-05-10T09:04:00,True,0.0203,6
LOT_1316,2008-05-10T09:47:00,True,0.0542,1
LOT_1317,2008-05-10T10:00:00,True,0.0475,3
LOT_1318,2008-05-10T10:43:00,True,0.0136,1
LOT_1319,2008-05-10T11:05:00,True,0.0475,4
LOT_1320,2008-05-10T11:30:00,True,0.0203,6
LOT_1321,2008-05-10T12:03:00,True,0.0339,10
LOT_1322,2008-05-10T12:17:00,True,0.0136,0
LOT_1323,2008-05-10T13:49:00,True,0.0203,5
LOT_1324,2008-05-10T14:34:00,True,0.0475,5
LOT_1325,2008-05-10T15:30:00,False,0.0271,8
LOT_1326,2008-05-10T15:35:00,False,0.0339,2
LOT_1327,2008-05-10T16:15:00,True,0.0136,9
LOT_1328,2008-05-10T16:37:00,False,0.0271,4
LOT_1329,2008-05-10T16:49:00,False,0.0339,7
LOT_1330,2008-05-10T18:46:00,False,0.0271,4
LOT_1331,2008-05-10T18:59:00,True,0.0475,0
LOT_1332,2008-05-10T19:45:00,True,0.0475,13
LOT_1333,2008-05-10T20:12:00,True,0.0271,1
LOT_1334,2008-05-10T20:30:00,True,0.0407,8
LOT_1335,2008-05-10T22:13:00,True,0.0339,2
LOT_1336,2008-06-10T00:41:00,True,0.0542,6
LOT_1337,2008-06-10T01:25:00,True,0.0203,3
LOT_1338,2008-06-10T01:27:00,True,0.0475,6
LOT_1339,2008-06-10T01:30:00,True,0.0203,7
LOT_1340,2008-06-10T02:44:00,True,0.0203,1
LOT_1341,2008-06-10T02:49:00,True,0.0271,3
LOT_1342,2008-06-10T03:31:00,True,0.0339,0
LOT_1343,2008-06-10T03:50:00,False,0.0339,2
LOT_1344,2008-06-10T03:57:00,False,0.0339,6
LOT_1345,2008-06-10T04:26:00,True,0.0407,0
LOT_1346,2008-06-10T05:21:00,True,0.0271,4
LOT_1347,2008-06-10T05:24:00,True,0.0339,4
LOT_1348,2008-06-10T06:11:00,True,0.0407,5
LOT_1349,2008-06-10T06:26:00,True,0.0542,0
LOT_1350,2008-06-10T06:49:00,True,0.0271,8
LOT_1351,2008-06-10T07:12:00,True,0.0203,6
LOT_1352,2008-06-10T07:17:00,True,0.0339,6
LOT_1353,2008-06-10T07:35:00,True,0.0339,2
LOT_1354,2008-06-10T07:38:00,True,0.0271,6
LOT_1355,2008-06-10T08:24:00,True,0.0271,0
LOT_1356,2008-06-10T08:57:00,True,0.061,18
LOT_1357,2008-06-10T09:11:00,True,0.0407,3
LOT_1358,2008-06-10T09:57:00,True,0.0475,1
LOT_1359,2008-06-10T10:07:00,True,0.0407,1
LOT_1360,2008-06-10T11:51:00,True,0.0271,1
LOT_1361,2008-06-10T12:39:00,True,0.0339,3
LOT_1362,2008-06-10T12:42:00,True,0.0339,3
LOT_1363,2008-06-10T13:08:00,True,0.0542,7
LOT_1364,2008-06-10T13:38:00,False,0.0271,0
LOT_1365,2008-06-10T13:55:00,False,0.0339,6
LOT_1366,2008-06-10T15:00:00,False,0.0203,4
LOT_1367,2008-06-10T15:01:00,True,0.0271,0
LOT_1368,2008-06-10T15:52:00,True,0.0271,7
LOT_1369,2008-06-10T16:42:00,True,0.0271,6
LOT_1370,2008-06-10T16:50:00,True,0.0339,3
LOT_1371,2008-06-10T17:26:00,True,0.0339,11
LOT_1372,2008-06-10T17:26:00,True,0.061,5
LOT_1373,2008-06-10T17:35:00,True,0.0407,5
LOT_1374,2008-06-10T18:54:00,True,0.0339,6
LOT_1375,2008-06-10T18:55:00,True,0.0475,5
LOT_1376,2008-06-10T19:42:00,True,0.0339,7
LOT_1377,2008-06-10T20:02:00,True,0.0271,3
LOT_1378,2008-06-10T20:36:00,True,0.0203,5
LOT_1379,2008-06-10T20:47:00,True,0.0339,8
LOT_1380,2008-06-10T21:46:00,True,0.0475,4
LOT_1381,2008-06-10T21:48:00,True,0.0407,1
LOT_1382,2008-06-10T22:37:00,True,0.0136,6
LOT_1383,2008-06-10T23:03:00,True,0.0339,0
LOT_1384,2008-07-10T01:46:00,True,0.0271,3
LOT_1385,2008-07-10T03:29:00,True,0.0271,6
LOT_1386,2008-07-10T03:39:00,True,0.0271,7
LOT_1387,2008-07-10T07:32:00,True,0.0271,1
LOT_1388,2008-07-10T07:41:00,True,0.0271,3
LOT_1389,2008-07-10T08:25:00,True,0.0339,1
LOT_1390,2008-07-10T08:26:00,True,0.0339,0
LOT_1391,2008-07-10T09:11:00,True,0.0407,0
LOT_1392,2008-07-10T09:20:00,True,0.0339,2
LOT_1393,2008-07-10T09:59:00,True,0.0339,4
LOT_1394,2008-07-10T10:04:00,True,0.0203,4
LOT_1395,2008-07-10T10:10:00,True,0.0339,5
LOT_1396,2008-07-10T10:51:00,True,0.0271,5
LOT_1397,2008-07-10T11:15:00,True,0.0271,3
LOT_1398,2008-07-10T11:16:00,True,0.0339,29
LOT_1399,2008-07-10T11:36:00,True,0.0203,5
LOT_1400,2008-07-10T12:40:00,True,0.0203,5
LOT_1401,2008-07-10T13:10:00,False,0.0203,4
LOT_1402,2008-07-10T13:48:00,True,0.0339,0
LOT_1403,2008-07-10T14:35:00,True,0.0271,3
LOT_1404,2008-07-10T16:32:00,True,0.0271,3
LOT_1405,2008-07-10T17:06:00,True,0.0203,10
LOT_1406,2008-07-10T17:28:00,True,0.0407,5
LOT_1407,2008-07-10T18:39:00,True,0.0271,3
LOT_1408,2008-07-10T19:24:00,True,0.0271,1
LOT_1409,2008-07-10T20:19:00,True,0.0136,4
LOT_1410,2008-07-10T20:39:00,True,0.0271,0
LOT_1411,2008-07-10T20:48:00,True,0.0271,3
LOT_1412,2008-08-10T04:47:00,True,0.0271,3
LOT_1413,2008-08-10T05:35:00,True,0.0271,8
LOT_1414,2008-08-10T05:38:00,True,0.0203,4
LOT_1415,2008-08-10T06:25:00,True,0.0271,2
LOT_1416,2008-08-10T07:10:00,True,0.0339,5
LOT_1417,2008-08-10T07:13:00,True,0.0203,1
LOT_1418,2008-08-10T07:16:00,True,0.0339,2
LOT_1419,2008-08-10T09:01:00,True,0.0136,11
LOT_1420,2008-08-10T09:06:00,True,0.0407,8
LOT_1421,2008-08-10T10:37:00,True,0.0339,8
LOT_1422,2008-08-10T12:11:00,True,0.0203,1
LOT_1423,2008-08-10T13:35:00,True,0.0203,8
LOT_1424,2008-08-10T13:38:00,True,0.0271,0
LOT_1425,2008-08-10T14:48:00,True,0.0542,1
LOT_1426,2008-08-10T15:37:00,True,0.0271,6
LOT_1427,2008-08-10T16:26:00,True,0.0475,1
LOT_1428,2008-08-10T17:14:00,True,0.0339,12
LOT_1429,2008-08-10T17:31:00,True,0.0271,2
LOT_1430,2008-08-10T17:41:00,True,0.0271,9
LOT_1431,2008-08-10T18:22:00,True,0.0542,2
LOT_1432,2008-08-10T20:27:00,True,0.0271,1
LOT_1433,2008-08-10T21:19:00,True,0.0339,3
LOT_1434,2008-08-10T21:45:00,True,0.0271,0
LOT_1435,2008-08-10T22:08:00,True,0.0271,2
LOT_1436,2008-08-10T23:13:00,True,0.0271,3
LOT_1437,2008-08-10T23:50:00,True,0.0203,0
LOT_1438,2008-09-10T00:23:00,True,0.0271,7
LOT_1439,2008-09-10T04:34:00,False,0.0271,2
LOT_1440,2008-09-10T06:06:00,True,0.0407,1
LOT_1441,2008-09-10T07:38:00,True,0.0271,4
LOT_1442,2008-09-10T14:15:00,True,0.0542,4
LOT_1443,2008-09-10T15:04:00,True,0.0271,2
LOT_1444,2008-09-10T15:55:00,False,0.0407,3
LOT_1445,2008-09-10T15:56:00,True,0.0203,8
LOT_1446,2008-10-10T10:05:00,True,0.0339,2
LOT_1447,2008-10-10T10:46:00,True,0.0475,16
LOT_1448,2008-10-10T10:53:00,True,0.0339,0
LOT_1449,2008-10-10T12:30:00,True,0.061,4
LOT_1450,2008-10-10T15:33:00,True,0.0339,0
LOT_1451,2008-10-10T15:50:00,True,0.0678,0
LOT_1452,2008-10-10T20:02:00,True,0.0271,4
LOT_1453,2008-10-10T21:03:00,True,0.0203,6
LOT_1454,2008-10-10T21:07:00,True,0.0203,0
LOT_1455,2008-10-10T21:16:00,True,0.0203,11
LOT_1456,2008-11-10T02:55:00,True,0.0068,2
LOT_1457,2008-11-10T06:56:00,True,0.0136,17
LOT_1458,2008-11-10T07:38:00,True,0.0271,1
LOT_1459,2008-11-10T07:39:00,True,0.0475,47
LOT_1460,2008-11-10T07:42:00,True,0.0746,9
LOT_1461,2008-11-10T08:27:00,True,0.0542,4
LOT_1462,2008-11-10T14:43:00,True,0.061,8
LOT_1463,2008-11-10T15:33:00,True,0.0271,6
LOT_1464,2008-11-10T16:25:00,True,0.0407,1
LOT_1465,2008-11-10T23:16:00,True,0.0271,3
LOT_1466,2008-11-10T23:58:00,True,0.0271,2
LOT_1467,2008-12-10T00:57:00,True,0.0203,6
LOT_1468,2008-12-10T01:50:00,True,0.061,5
LOT_1469,2008-12-10T02:59:00,True,0.0203,3
LOT_1470,2008-12-10T03:21:00,True,0.0678,7
LOT_1471,2008-12-10T03:28:00,True,0.0339,0
LOT_1472,2008-12-10T08:19:00,True,0.0203,2
LOT_1473,2008-12-10T18:47:00,True,0.0203,3
LOT_1474,2008-10-13T03:34:00,True,0.0407,9
LOT_1475,2008-10-13T03:53:00,True,0.0339,4
LOT_1476,2008-10-13T11:27:00,True,0.0339,1
LOT_1477,2008-10-13T12:18:00,True,0.0271,5
LOT_1478,2008-10-13T14:06:00,True,0.0271,5
LOT_1479,2008-10-13T14:29:00,True,0.0407,3
LOT_1480,2008-10-13T14:30:00,True,0.0407,1
LOT_1481,2008-10-13T14:55:00,True,0.0271,2
LOT_1482,2008-10-13T15:42:00,True,0.0136,3
LOT_1483,2008-10-13T15:42:00,True,0.0271,8
LOT_1484,2008-10-13T16:13:00,True,0.0407,3
LOT_1485,2008-10-13T19:17:00,True,0.0407,0
LOT_1486,2008-10-13T19:36:00,True,0.0407,0
LOT_1487,2008-10-13T19:40:00,True,0.0339,3
LOT_1488,2008-10-13T20:10:00,True,0.0407,2
LOT_1489,2008-10-13T20:30:00,True,0.0475,11
LOT_1490,2008-10-13T20:53:00,True,0.0271,23
LOT_1491,2008-10-13T21:20:00,True,0.0271,1
LOT_1492,2008-10-13T21:47:00,True,0.0271,7
LOT_1493,2008-10-13T21:57:00,True,0.0407,4
LOT_1494,2008-10-13T22:48:00,True,0.0542,5
LOT_1495,2008-10-13T22:54:00,True,0.0271,7
LOT_1496,2008-10-14T00:35:00,True,0.0407,6
LOT_1497,2008-10-14T03:21:00,True,0.0407,1
LOT_1498,2008-10-14T03:28:00,True,0.0271,2
LOT_1499,2008-10-14T03:35:00,True,0.0407,4
LOT_1500,2008-10-14T13:13:00,True,0.0407,6
LOT_1501,2008-10-14T13:16:00,True,0.0407,5
LOT_1502,2008-10-14T14:07:00,True,0.0339,6
LOT_1503,2008-10-14T14:15:00,True,0.0339,2
LOT_1504,2008-10-14T14:43:00,True,0.0203,6
LOT_1505,2008-10-14T17:36:00,True,0.0407,2
LOT_1506,2008-10-14T19:15:00,True,0.0407,0
LOT_1507,2008-10-14T20:01:00,True,0.0203,2
LOT_1508,2008-10-14T20:30:00,True,0.0339,0
LOT_1509,2008-10-14T20:48:00,True,0.0407,1
LOT_1510,2008-10-14T21:36:00,True,0.0271,1
LOT_1511,2008-10-14T23:07:00,True,0.0407,0
LOT_1512,2008-10-15T00:03:00,True,0.0271,4
LOT_1513,2008-10-15T00:27:00,True,0.0407,1
LOT_1514,2008-10-15T00:47:00,True,0.0407,3
LOT_1515,2008-10-15T01:52:00,True,0.0339,6
LOT_1516,2008-10-15T01:52:00,True,0.0339,1
LOT_1517,2008-10-15T01:52:00,True,0.0339,0
LOT_1518,2008-10-15T02:40:00,True,0.0407,7
LOT_1519,2008-10-15T02:40:00,True,0.0271,1
LOT_1520,2008-10-15T02:42:00,False,0.0339,11
LOT_1521,2008-10-15T03:24:00,True,0.0203,2
LOT_1522,2008-10-15T04:08:00,True,0.0271,3
LOT_1523,2008-10-15T05:13:00,True,0.0407,4
LOT_1524,2008-10-15T05:16:00,True,0.0203,5
LOT_1525,2008-10-15T06:49:00,True,0.0339,2
LOT_1526,2008-10-15T07:36:00,True,0.0271,9
LOT_1527,2008-10-15T07:55:00,True,0.0339,4
LOT_1528,2008-10-15T08:21:00,True,0.0339,6
LOT_1529,2008-10-15T09:11:00,True,0.0407,10
LOT_1530,2008-10-15T10:00:00,True,0.0203,3
LOT_1531,2008-10-15T12:53:00,True,0.0339,2
LOT_1532,2008-10-15T13:14:00,True,0.0203,0
LOT_1533,2008-10-15T13:16:00,True,0.0339,1
LOT_1534,2008-10-15T14:08:00,True,0.0475,7
LOT_1535,2008-10-15T15:11:00,True,0.0339,1
LOT_1536,2008-10-15T16:24:00,True,0.0136,2
LOT_1537,2008-10-15T17:19:00,True,0.0339,6
LOT_1538,2008-10-15T18:16:00,True,0.0271,2
LOT_1539,2008-10-15T19:15:00,True,0.0407,0
LOT_1540,2008-10-15T19:24:00,True,0.0271,8
LOT_1541,2008-10-15T21:44:00,True,0.0271,4
LOT_1542,2008-10-15T22:45:00,True,0.0271,2
LOT_1543,2008-10-15T22:54:00,True,0.0881,3
LOT_1544,2008-10-15T23:00:00,True,0.0881,6
LOT_1545,2008-10-15T23:45:00,True,0.0814,6
LOT_1546,2008-10-16T02:16:00,True,0.0814,2
LOT_1547,2008-10-16T02:16:00,True,0.0814,0
LOT_1548,2008-10-16T02:17:00,True,0.1017,1
LOT_1549,2008-10-16T02:22:00,True,0.0881,3
LOT_1550,2008-10-16T02:55:00,True,0.0949,2
LOT_1551,2008-10-16T03:56:00,True,0.0271,4
LOT_1552,2008-10-16T04:02:00,True,0.1017,1
LOT_1553,2008-10-16T04:02:00,True,0.1017,7
LOT_1554,2008-10-16T04:04:00,True,0.0881,6
LOT_1555,2008-10-16T04:47:00,True,0.1017,1
LOT_1556,2008-10-16T04:50:00,True,0.1017,4
LOT_1557,2008-10-16T04:54:00,True,0.0949,4
LOT_1558,2008-10-16T05:08:00,True,0.0814,2
LOT_1559,2008-10-16T05:13:00,True,0.0881,3
LOT_1560,2008-10-16T05:44:00,True,0.0814,1
LOT_1561,2008-10-16T05:58:00,True,0.1017,4
LOT_1562,2008-10-16T15:02:00,True,0.2373,1
LOT_1563,2008-10-16T15:13:00,True,0.0881,4
LOT_1564,2008-10-16T20:49:00,True,0.0881,4
LOT_1565,2008-10-17T05:26:00,True,0.2508,0
LOT_1566,2008-10-17T06:01:00,True,0.1017,2
LOT_1567,2008-10-17T06:07:00,True,0.2576,1
