alarm_id,feature_name,population_mean,population_std,upper_control_limit,lower_control_limit,total_alarm_count
SPC_ATTR_001,Attribute 1,3014.452896,73.621787,3235.318256,2793.587535,16
SPC_ATTR_002,Attribute 2,2495.850231,80.407705,2737.073346,2254.627116,18
SPC_ATTR_003,Attribute 3,2200.547318,29.513152,2289.086774,2112.007862,12
SPC_ATTR_004,Attribute 4,1396.376627,441.69164,2721.451548,71.301706,32
SPC_ATTR_005,Attribute 5,4.197013,56.35554,173.263633,-164.869607,4
SPC_ATTR_007,Attribute 7,101.112908,6.237214,119.82455,82.401267,20
SPC_ATTR_008,Attribute 8,0.121822,0.008961,0.148705,0.094938,8
SPC_ATTR_009,Attribute 9,1.462862,0.073897,1.684551,1.241172,4
SPC_ATTR_010,Attribute 10,-0.000841,0.015116,0.044508,-0.04619,12
SPC_ATTR_011,Attribute 11,0.000146,0.009302,0.028052,-0.027761,17
SPC_ATTR_012,Attribute 12,0.964353,0.012452,1.001709,0.926997,3
SPC_ATTR_013,Attribute 13,199.956809,3.257276,209.728636,190.184982,5
SPC_ATTR_015,Attribute 15,9.005371,2.796596,17.395157,0.615584,6
SPC_ATTR_016,Attribute 16,413.086035,17.221095,464.749319,361.422752,4
SPC_ATTR_017,Attribute 17,9.907603,2.403867,17.119203,2.696003,1
SPC_ATTR_018,Attribute 18,0.971444,0.012062,1.007631,0.935257,2
SPC_ATTR_019,Attribute 19,190.047354,2.781041,198.390476,181.704231,9
SPC_ATTR_020,Attribute 20,12.481034,0.217965,13.13493,11.827138,11
SPC_ATTR_021,Attribute 21,1.405054,0.016737,1.455265,1.354843,10
SPC_ATTR_022,Attribute 22,-5618.39361,626.822178,-3737.927075,-7498.860145,24
SPC_ATTR_023,Attribute 23,2699.378435,295.498535,3585.874038,1812.882831,27
SPC_ATTR_024,Attribute 24,-3806.299734,1380.162148,334.18671,-7946.786177,31
SPC_ATTR_025,Attribute 25,-298.598136,2902.690117,8409.472217,-9006.668488,36
SPC_ATTR_026,Attribute 26,1.203845,0.1776,1.736646,0.671043,35
SPC_ATTR_027,Attribute 27,1.938477,0.189495,2.506962,1.369992,39
SPC_ATTR_028,Attribute 28,6.638628,1.244249,10.371376,2.90588,33
SPC_ATTR_030,Attribute 30,2.366197,0.408694,3.59228,1.140115,10
SPC_ATTR_031,Attribute 31,0.184159,0.032944,0.282991,0.085327,10
SPC_ATTR_033,Attribute 33,85.337469,2.026549,91.417116,79.257821,27
SPC_ATTR_034,Attribute 34,8.960279,1.344456,12.993648,4.926909,19
SPC_ATTR_035,Attribute 35,50.582639,1.182618,54.130493,47.034784,32
SPC_ATTR_036,Attribute 36,64.555787,2.574749,72.280033,56.831541,38
SPC_ATTR_037,Attribute 37,49.41737,1.182619,52.965227,45.869514,32
SPC_ATTR_038,Attribute 38,66.221274,0.304141,67.133696,65.308851,33
SPC_ATTR_039,Attribute 39,86.836577,0.446756,88.176843,85.49631,71
SPC_ATTR_040,Attribute 40,118.679554,1.807221,124.101217,113.257892,37
SPC_ATTR_042,Attribute 42,3.353066,2.360425,10.434341,-3.728209,6
SPC_ATTR_044,Attribute 44,355.538904,6.234706,374.243022,336.834785,6
SPC_ATTR_045,Attribute 45,10.031165,0.175038,10.556278,9.506052,10
SPC_ATTR_046,Attribute 46,136.74306,7.849247,160.290802,113.195317,10
SPC_ATTR_047,Attribute 47,733.672811,12.170315,770.183756,697.161867,4
SPC_ATTR_048,Attribute 48,1.177958,0.189637,1.746869,0.609047,1
SPC_ATTR_049,Attribute 49,139.972231,4.524251,153.544984,126.399478,5
SPC_ATTR_051,Attribute 51,632.254197,8.643985,658.186153,606.322241,5
SPC_ATTR_054,Attribute 54,4.592971,0.05495,4.75782,4.428122,10
SPC_ATTR_055,Attribute 55,4.838523,0.059581,5.017265,4.659781,8
SPC_ATTR_056,Attribute 56,2856.172105,25.749317,2933.420057,2778.924153,5
SPC_ATTR_057,Attribute 57,0.928849,0.006807,0.949271,0.908427,15
SPC_ATTR_058,Attribute 58,0.949215,0.004176,0.961743,0.936687,10
SPC_ATTR_059,Attribute 59,4.593312,0.085095,4.848596,4.338027,12
SPC_ATTR_060,Attribute 60,2.960241,9.53222,31.5569,-25.636417,5
SPC_ATTR_061,Attribute 61,355.159094,6.027889,373.24276,337.075428,6
SPC_ATTR_062,Attribute 62,10.423143,0.274877,11.247774,9.598512,16
SPC_ATTR_063,Attribute 63,116.502329,8.629022,142.389393,90.615264,14
SPC_ATTR_064,Attribute 64,13.989927,7.119863,35.349516,-7.369662,8
SPC_ATTR_065,Attribute 65,20.542109,4.977467,35.474511,5.609707,23
SPC_ATTR_066,Attribute 66,27.131816,7.121703,48.496925,5.766706,17
SPC_ATTR_067,Attribute 67,706.668523,11.623078,741.537758,671.799288,8
SPC_ATTR_068,Attribute 68,16.715444,307.502293,939.222323,-905.791436,4
SPC_ATTR_069,Attribute 69,147.437578,4.240095,160.157863,134.717292,5
SPC_ATTR_071,Attribute 71,619.101687,9.53919,647.719258,590.484115,6
SPC_ATTR_072,Attribute 72,104.329033,31.651899,199.28473,9.373337,40
SPC_ATTR_073,Attribute 73,150.361552,18.388481,205.526996,95.196109,8
SPC_ATTR_074,Attribute 74,468.020404,17.629886,520.910061,415.130747,9
SPC_ATTR_075,Attribute 75,0.002688,0.10619,0.321257,-0.315881,1
SPC_ATTR_076,Attribute 76,-0.006903,0.022292,0.059973,-0.07378,20
SPC_ATTR_077,Attribute 77,-0.02939,0.033203,0.070219,-0.129,6
SPC_ATTR_078,Attribute 78,-0.007041,0.031368,0.087063,-0.101146,5
SPC_ATTR_079,Attribute 79,-0.013643,0.047872,0.129974,-0.157259,5
SPC_ATTR_080,Attribute 80,0.003458,0.02308,0.072697,-0.065781,18
SPC_ATTR_082,Attribute 82,-0.021153,0.017021,0.02991,-0.072217,18
SPC_ATTR_083,Attribute 83,0.006055,0.036074,0.114278,-0.102168,24
SPC_ATTR_084,Attribute 84,7.452067,0.516251,9.000821,5.903312,2
SPC_ATTR_085,Attribute 85,0.133108,0.005051,0.148262,0.117954,6
SPC_ATTR_087,Attribute 87,2.401872,0.037332,2.513867,2.289876,16
SPC_ATTR_088,Attribute 88,0.98242,0.012848,1.020964,0.943877,8
SPC_ATTR_089,Attribute 89,1807.815021,53.537262,1968.426808,1647.203235,7
SPC_ATTR_090,Attribute 90,0.188703,0.052373,0.345822,0.031585,6
SPC_ATTR_091,Attribute 91,8827.536865,396.313662,10016.477851,7638.59588,13
SPC_ATTR_092,Attribute 92,0.00244,0.087683,0.265489,-0.260609,17
SPC_ATTR_093,Attribute 93,0.000507,0.003231,0.0102,-0.009186,28
SPC_ATTR_094,Attribute 94,-0.000541,0.00301,0.008489,-0.00957,42
SPC_ATTR_095,Attribute 95,-2.9e-05,0.000174,0.000493,-0.000552,24
SPC_ATTR_096,Attribute 96,6e-05,0.000104,0.000373,-0.000253,18
SPC_ATTR_097,Attribute 97,0.017127,0.219578,0.675861,-0.641608,23
SPC_ATTR_099,Attribute 99,-0.018143,0.42711,1.263187,-1.299472,19
SPC_ATTR_100,Attribute 100,0.00154,0.06274,0.189761,-0.186681,10
SPC_ATTR_101,Attribute 101,-2.1e-05,0.000356,0.001045,-0.001088,18
SPC_ATTR_102,Attribute 102,-7e-06,0.000221,0.000655,-0.00067,23
SPC_ATTR_103,Attribute 103,0.001115,0.062968,0.190018,-0.187788,16
SPC_ATTR_104,Attribute 104,-0.009789,0.003065,-0.000595,-0.018983,7
SPC_ATTR_105,Attribute 105,-1.5e-05,0.000851,0.002537,-0.002567,10
SPC_ATTR_106,Attribute 106,-0.000498,0.003202,0.009109,-0.010105,29
SPC_ATTR_107,Attribute 107,0.00054,0.002988,0.009503,-0.008424,42
SPC_ATTR_108,Attribute 108,-0.001766,0.087475,0.260658,-0.26419,23
SPC_ATTR_109,Attribute 109,-0.010789,0.086758,0.249485,-0.271062,20
SPC_ATTR_110,Attribute 110,0.979993,0.008695,1.006077,0.953908,1
SPC_ATTR_111,Attribute 111,101.318253,1.880087,106.958515,95.677991,1
SPC_ATTR_112,Attribute 112,231.818898,2.105318,238.134851,225.502944,1
SPC_ATTR_113,Attribute 113,0.457538,0.048939,0.604356,0.310719,10
SPC_ATTR_114,Attribute 114,0.945424,0.012133,0.981823,0.909026,7
SPC_ATTR_115,Attribute 115,0.000123,0.001668,0.005127,-0.004882,8
SPC_ATTR_116,Attribute 116,747.383792,48.94925,894.231541,600.536042,15
SPC_ATTR_117,Attribute 117,0.98713,0.009497,1.015619,0.95864,10
SPC_ATTR_118,Attribute 118,58.625908,6.485174,78.081431,39.170385,1
SPC_ATTR_119,Attribute 119,0.598412,0.008102,0.622716,0.574107,12
SPC_ATTR_120,Attribute 120,0.970777,0.008949,0.997623,0.943931,3
SPC_ATTR_121,Attribute 121,6.310863,0.124304,6.683776,5.93795,24
SPC_ATTR_122,Attribute 122,15.796425,0.099618,16.095278,15.497572,5
SPC_ATTR_123,Attribute 123,3.89839,0.90412,6.610751,1.186028,6
SPC_ATTR_124,Attribute 124,15.82966,0.108315,16.154605,15.504715,7
SPC_ATTR_125,Attribute 125,15.794705,0.114144,16.137136,15.452274,2
SPC_ATTR_126,Attribute 126,1.184956,0.280555,2.02662,0.343292,17
SPC_ATTR_127,Attribute 127,2.750728,0.253471,3.511141,1.990316,26
SPC_ATTR_128,Attribute 128,0.648478,0.135409,1.054704,0.242251,6
SPC_ATTR_129,Attribute 129,3.192182,0.264175,3.984706,2.399659,5
SPC_ATTR_131,Attribute 131,0.744976,0.082531,0.99257,0.497383,4
SPC_ATTR_132,Attribute 132,0.997808,0.002251,1.00456,0.991057,12
SPC_ATTR_134,Attribute 134,1004.043093,6.537701,1023.656197,984.42999,4
SPC_ATTR_135,Attribute 135,39.391979,2.990476,48.363407,30.42055,5
SPC_ATTR_136,Attribute 136,117.960948,57.544627,290.594829,-54.672934,34
SPC_ATTR_138,Attribute 138,122.692949,52.253015,279.451993,-34.066096,3
SPC_ATTR_139,Attribute 139,57.603025,12.345358,94.639099,20.56695,35
SPC_ATTR_140,Attribute 140,416.766964,263.300614,1206.668806,-373.134878,46
SPC_ATTR_141,Attribute 141,26.077904,506.922106,1546.844223,-1494.688416,4
SPC_ATTR_143,Attribute 143,6.641565,3.552254,17.298327,-4.015198,4
SPC_ATTR_144,Attribute 144,0.004169,0.001282,0.008015,0.000324,17
SPC_ATTR_145,Attribute 145,0.120008,0.061343,0.304036,-0.06402,37
SPC_ATTR_146,Attribute 146,0.063621,0.026541,0.143243,-0.016,30
SPC_ATTR_147,Attribute 147,0.05501,0.021844,0.120543,-0.010523,26
SPC_ATTR_148,Attribute 148,0.017411,0.027123,0.09878,-0.063958,4
SPC_ATTR_149,Attribute 149,8.471308,18.740631,64.693201,-47.750585,1
SPC_ATTR_151,Attribute 151,6.814268,3.241843,16.539796,-2.91126,23
SPC_ATTR_152,Attribute 152,14.047403,31.002541,107.055026,-78.960221,12
SPC_ATTR_153,Attribute 153,1.196733,23.364063,71.288922,-68.895455,1
SPC_ATTR_154,Attribute 154,0.011926,0.009346,0.039964,-0.016111,8
SPC_ATTR_155,Attribute 155,7.697971,5.239219,23.415628,-8.019686,2
SPC_ATTR_156,Attribute 156,0.507171,1.122427,3.874452,-2.860109,18
SPC_ATTR_157,Attribute 157,0.058089,0.079174,0.295612,-0.179435,7
SPC_ATTR_158,Attribute 158,0.047104,0.039538,0.165717,-0.071509,3
SPC_ATTR_159,Attribute 159,1039.650738,406.84881,2260.197169,-180.895693,1
SPC_ATTR_160,Attribute 160,882.680511,983.043021,3831.809576,-2066.448553,35
SPC_ATTR_161,Attribute 161,555.346326,574.808588,2279.772091,-1169.079439,54
SPC_ATTR_162,Attribute 162,4066.850479,4239.245058,16784.585653,-8650.884694,31
SPC_ATTR_163,Attribute 163,4797.154633,6553.569317,24457.862584,-14863.553319,29
SPC_ATTR_164,Attribute 164,0.140204,0.121989,0.506171,-0.225762,32
SPC_ATTR_165,Attribute 165,0.127942,0.242534,0.855543,-0.599658,32
SPC_ATTR_166,Attribute 166,0.252026,0.407329,1.474014,-0.969962,31
SPC_ATTR_167,Attribute 167,2.788882,1.119756,6.14815,-0.570386,8
SPC_ATTR_168,Attribute 168,1.235783,0.632767,3.134083,-0.662518,3
SPC_ATTR_169,Attribute 169,0.124397,0.047639,0.267313,-0.018519,10
SPC_ATTR_170,Attribute 170,0.400454,0.197918,0.994207,-0.193299,3
SPC_ATTR_172,Attribute 172,0.120064,0.060785,0.302419,-0.06229,25
SPC_ATTR_173,Attribute 173,0.320113,0.071243,0.533842,0.106383,1
SPC_ATTR_174,Attribute 174,0.576192,0.095734,0.863394,0.28899,10
SPC_ATTR_175,Attribute 175,0.320113,0.071247,0.533853,0.106372,1
SPC_ATTR_176,Attribute 176,0.778044,0.116322,1.12701,0.429077,6
SPC_ATTR_178,Attribute 178,0.39476,0.282903,1.243469,-0.453949,6
SPC_ATTR_181,Attribute 181,19.013257,3.311632,28.948154,9.078359,6
SPC_ATTR_182,Attribute 182,0.54677,0.224402,1.219975,-0.126435,5
SPC_ATTR_183,Attribute 183,10.780543,4.164051,23.272695,-1.711609,4
SPC_ATTR_184,Attribute 184,26.66117,6.836101,47.169473,6.152868,9
SPC_ATTR_185,Attribute 185,0.144815,0.110198,0.475409,-0.185778,6
SPC_ATTR_186,Attribute 186,7.365741,7.18872,28.931902,-14.20042,3
SPC_ATTR_188,Attribute 188,17.93629,8.609912,43.766025,-7.893445,3
SPC_ATTR_189,Attribute 189,43.211418,21.711876,108.347046,-21.92421,3
SPC_ATTR_196,Attribute 196,0.287084,0.395187,1.472645,-0.898476,11
SPC_ATTR_197,Attribute 197,8.688487,15.720926,55.851266,-38.474291,7
SPC_ATTR_198,Attribute 198,20.09271,10.552162,51.749195,-11.563775,8
SPC_ATTR_199,Attribute 199,0.557359,0.537705,2.170474,-1.055757,8
SPC_ATTR_200,Attribute 200,11.532056,16.445556,60.868724,-37.804612,7
SPC_ATTR_201,Attribute 201,17.600192,8.690718,43.672348,-8.471963,4
SPC_ATTR_202,Attribute 202,7.839359,5.104495,23.152844,-7.474126,10
SPC_ATTR_203,Attribute 203,10.170463,14.622904,54.039177,-33.69825,7
SPC_ATTR_204,Attribute 204,30.073143,17.461798,82.458536,-22.312251,8
SPC_ATTR_205,Attribute 205,32.218169,565.101239,1727.521885,-1663.085547,5
SPC_ATTR_206,Attribute 206,9.050122,11.541083,43.67337,-25.573126,7
SPC_ATTR_207,Attribute 207,0.001281,0.050621,0.153143,-0.150581,1
SPC_ATTR_208,Attribute 208,20.376176,17.497556,72.868845,-32.116494,6
SPC_ATTR_209,Attribute 209,73.264316,28.067143,157.465745,-10.937112,7
SPC_ATTR_210,Attribute 210,0.029564,1.168074,3.533786,-3.474657,1
SPC_ATTR_211,Attribute 211,0.088866,0.042065,0.215059,-0.037328,28
SPC_ATTR_212,Attribute 212,0.056755,0.025005,0.13177,-0.01826,23
SPC_ATTR_213,Attribute 213,0.051432,0.031578,0.146165,-0.043301,20
SPC_ATTR_214,Attribute 214,0.060346,0.05303,0.219435,-0.098743,9
SPC_ATTR_215,Attribute 215,0.083268,0.056456,0.252635,-0.086099,24
SPC_ATTR_216,Attribute 216,0.081076,0.030437,0.172386,-0.010235,6
SPC_ATTR_217,Attribute 217,0.083484,0.025764,0.160776,0.006191,11
SPC_ATTR_218,Attribute 218,0.071635,0.046283,0.210486,-0.067215,11
SPC_ATTR_219,Attribute 219,3.771465,1.170436,7.282774,0.260157,10
SPC_ATTR_220,Attribute 220,0.003254,0.001646,0.008192,-0.001684,38
SPC_ATTR_221,Attribute 221,0.009213,0.001989,0.01518,0.003246,1
SPC_ATTR_222,Attribute 222,0.060718,0.023305,0.130633,-0.009198,7
SPC_ATTR_223,Attribute 223,0.008821,0.055937,0.176631,-0.158989,8
SPC_ATTR_224,Attribute 224,122.846571,55.156003,288.314579,-42.621437,1
SPC_ATTR_225,Attribute 225,0.05937,0.071211,0.273004,-0.154263,25
SPC_ATTR_226,Attribute 226,1041.056588,433.170076,2340.566815,-258.45364,18
SPC_ATTR_228,Attribute 228,0.019125,0.010756,0.051392,-0.013142,27
SPC_ATTR_229,Attribute 229,0.017844,0.010745,0.050079,-0.01439,20
SPC_ATTR_239,Attribute 239,0.004791,0.001698,0.009885,-0.000302,11
SPC_ATTR_240,Attribute 240,0.004575,0.001441,0.008899,0.000251,11
SPC_ATTR_245,Attribute 245,0.005755,0.084618,0.259608,-0.248098,1
SPC_ATTR_246,Attribute 246,1.729723,4.335614,14.736566,-11.277119,1
SPC_ATTR_247,Attribute 247,4.148742,10.045084,34.283993,-25.98651,1
SPC_ATTR_248,Attribute 248,0.053374,0.06688,0.254014,-0.147267,17
SPC_ATTR_249,Attribute 249,0.025171,0.049235,0.172876,-0.122534,6
SPC_ATTR_250,Attribute 250,0.001065,0.015771,0.048378,-0.046247,7
SPC_ATTR_251,Attribute 251,109.650967,54.597274,273.442789,-54.140855,6
SPC_ATTR_252,Attribute 252,0.004285,0.037472,0.116702,-0.108133,5
SPC_ATTR_253,Attribute 253,4.645115,64.354756,197.709382,-188.419152,1
SPC_ATTR_254,Attribute 254,0.033216,0.022425,0.100492,-0.034059,4
SPC_ATTR_255,Attribute 255,0.013943,0.009132,0.04134,-0.013453,5
SPC_ATTR_256,Attribute 256,0.403848,0.120334,0.764851,0.042846,4
SPC_ATTR_270,Attribute 270,3.777866,1.152329,7.234853,0.320878,17
SPC_ATTR_271,Attribute 271,29.260291,8.402013,54.466328,4.054253,20
SPC_ATTR_272,Attribute 272,46.056598,17.866438,99.655911,-7.542715,1
SPC_ATTR_273,Attribute 273,41.298147,17.737513,94.510687,-11.914392,2
SPC_ATTR_274,Attribute 274,20.181246,3.830463,31.672634,8.689859,21
SPC_ATTR_275,Attribute 275,136.292426,85.607784,393.115779,-120.530928,51
SPC_ATTR_276,Attribute 276,8.693213,168.949413,515.541451,-498.155025,4
SPC_ATTR_278,Attribute 278,2.210744,1.196437,5.800056,-1.378567,4
SPC_ATTR_279,Attribute 279,0.001117,0.00034,0.002138,9.7e-05,12
SPC_ATTR_280,Attribute 280,0.041057,0.020289,0.101924,-0.019811,35
SPC_ATTR_281,Attribute 281,0.018034,0.006483,0.037483,-0.001415,28
SPC_ATTR_282,Attribute 282,0.015094,0.005545,0.031731,-0.001542,30
SPC_ATTR_283,Attribute 283,0.00577,0.00855,0.031421,-0.019881,4
SPC_ATTR_284,Attribute 284,2.803984,5.864324,20.396956,-14.788987,1
SPC_ATTR_286,Attribute 286,2.119795,0.962923,5.008564,-0.768973,20
SPC_ATTR_287,Attribute 287,4.260018,9.763829,33.551506,-25.03147,11
SPC_ATTR_288,Attribute 288,0.367529,7.386343,22.526558,-21.791499,1
SPC_ATTR_289,Attribute 289,0.003924,0.002936,0.012732,-0.004885,9
SPC_ATTR_290,Attribute 290,2.578596,1.616993,7.429576,-2.272384,1
SPC_ATTR_291,Attribute 291,0.123427,0.270987,0.936388,-0.689534,17
SPC_ATTR_292,Attribute 292,0.019926,0.025549,0.096573,-0.05672,7
SPC_ATTR_293,Attribute 293,0.014487,0.011494,0.048968,-0.019994,3
SPC_ATTR_294,Attribute 294,335.551157,137.692483,748.628606,-77.526293,2
SPC_ATTR_295,Attribute 295,401.81475,477.050076,1832.964979,-1029.335478,33
SPC_ATTR_296,Attribute 296,252.999118,283.530702,1103.591224,-597.592987,54
SPC_ATTR_297,Attribute 297,1879.228369,1975.111365,7804.562465,-4046.105727,37
SPC_ATTR_298,Attribute 298,2342.826978,3226.924298,12023.599872,-7337.945916,28
SPC_ATTR_299,Attribute 299,0.063804,0.064225,0.256479,-0.12887,32
SPC_ATTR_300,Attribute 300,0.060267,0.130825,0.452743,-0.332209,32
SPC_ATTR_301,Attribute 301,0.118386,0.219147,0.775828,-0.539055,31
SPC_ATTR_302,Attribute 302,0.910146,0.331982,1.906091,-0.085799,10
SPC_ATTR_303,Attribute 303,0.403342,0.197514,0.995884,-0.1892,4
SPC_ATTR_304,Attribute 304,0.040344,0.014511,0.083876,-0.003188,6
SPC_ATTR_305,Attribute 305,0.132076,0.064867,0.326679,-0.062526,1
SPC_ATTR_306,Attribute 306,0.264917,0.057387,0.437079,0.092754,2
SPC_ATTR_307,Attribute 307,0.048623,0.0254,0.124823,-0.027577,28
SPC_ATTR_309,Attribute 309,0.218414,0.033593,0.319194,0.117635,16
SPC_ATTR_311,Attribute 311,0.304752,0.04346,0.435131,0.174372,1
SPC_ATTR_313,Attribute 313,0.160051,0.117316,0.511998,-0.191896,6
SPC_ATTR_317,Attribute 317,5.976977,1.018629,9.032865,2.921089,10
SPC_ATTR_318,Attribute 318,0.172629,0.072392,0.389806,-0.044548,4
SPC_ATTR_319,Attribute 319,3.18877,1.21593,6.83656,-0.459019,4
SPC_ATTR_320,Attribute 320,7.916036,2.179059,14.453212,1.37886,3
SPC_ATTR_321,Attribute 321,0.043105,0.031885,0.138759,-0.052549,6
SPC_ATTR_322,Attribute 322,2.263727,2.116994,8.614711,-4.087256,3
SPC_ATTR_324,Attribute 324,5.39342,2.518859,12.949998,-2.163158,3
SPC_ATTR_325,Attribute 325,13.332172,6.61585,33.17972,-6.515377,6
SPC_ATTR_332,Attribute 332,0.083232,0.063425,0.273505,-0.107042,11
SPC_ATTR_333,Attribute 333,2.593485,5.645226,19.529162,-14.342193,8
SPC_ATTR_334,Attribute 334,6.215866,3.403447,16.426206,-3.994475,8
SPC_ATTR_335,Attribute 335,0.168364,0.172883,0.687012,-0.350284,8
SPC_ATTR_336,Attribute 336,3.426925,5.781558,20.771601,-13.91775,6
SPC_ATTR_337,Attribute 337,9.736386,7.556131,32.404779,-12.932006,9
SPC_ATTR_338,Attribute 338,2.327482,1.699435,7.425786,-2.770823,5
SPC_ATTR_339,Attribute 339,3.03758,5.645022,19.972646,-13.897486,6
SPC_ATTR_340,Attribute 340,9.328958,6.074702,27.553064,-8.895148,7
SPC_ATTR_341,Attribute 341,14.673507,261.738451,799.888861,-770.541848,5
SPC_ATTR_342,Attribute 342,2.732094,3.667902,13.7358,-8.271612,7
SPC_ATTR_343,Attribute 343,0.000286,0.011319,0.034243,-0.03367,1
SPC_ATTR_344,Attribute 344,6.198508,5.371825,22.313983,-9.916967,6
SPC_ATTR_345,Attribute 345,23.217146,8.895221,49.902809,-3.468517,11
SPC_ATTR_346,Attribute 346,7.958376,17.512965,60.497272,-44.58052,13
SPC_ATTR_347,Attribute 347,5.770212,17.077498,57.002706,-45.462283,13
SPC_ATTR_348,Attribute 348,0.008914,0.352186,1.065473,-1.047645,1
SPC_ATTR_349,Attribute 349,0.024706,0.011862,0.060293,-0.010882,24
SPC_ATTR_350,Attribute 350,0.025252,0.010603,0.057062,-0.006557,23
SPC_ATTR_351,Attribute 351,0.023202,0.014326,0.066179,-0.019775,18
SPC_ATTR_352,Attribute 352,0.027584,0.024563,0.101273,-0.046105,9
SPC_ATTR_353,Attribute 353,0.023356,0.013157,0.062827,-0.016116,23
SPC_ATTR_354,Attribute 354,0.040331,0.015499,0.086828,-0.006167,4
SPC_ATTR_355,Attribute 355,0.041921,0.013068,0.081125,0.002717,10
SPC_ATTR_356,Attribute 356,0.034543,0.022307,0.101463,-0.032377,12
SPC_ATTR_357,Attribute 357,1.298629,0.386918,2.459381,0.137876,13
SPC_ATTR_358,Attribute 358,0.000999,0.000501,0.002502,-0.000504,32
SPC_ATTR_359,Attribute 359,0.002443,0.000395,0.003627,0.001259,1
SPC_ATTR_360,Attribute 360,0.01984,0.007136,0.041249,-0.001569,11
SPC_ATTR_361,Attribute 361,0.002945,0.020003,0.062953,-0.057063,7
SPC_ATTR_362,Attribute 362,39.936406,17.056304,91.105318,-11.232506,1
SPC_ATTR_363,Attribute 363,0.018383,0.021644,0.083315,-0.046549,25
SPC_ATTR_364,Attribute 364,333.319601,138.801928,749.725385,-83.086183,15
SPC_ATTR_366,Attribute 366,0.005199,0.002656,0.013167,-0.00277,21
SPC_ATTR_367,Attribute 367,0.004814,0.002382,0.011961,-0.002333,21
SPC_ATTR_368,Attribute 368,0.003773,0.002699,0.011871,-0.004324,20
SPC_ATTR_369,Attribute 369,0.003172,0.002107,0.009492,-0.003148,22
SPC_ATTR_377,Attribute 377,0.001601,0.000534,0.003204,-2e-06,7
SPC_ATTR_378,Attribute 378,0.001571,0.000467,0.00297,0.000171,5
SPC_ATTR_383,Attribute 383,0.001826,0.02674,0.082046,-0.078394,1
SPC_ATTR_384,Attribute 384,0.54104,1.34102,4.564099,-3.482019,1
SPC_ATTR_385,Attribute 385,1.285448,3.168427,10.79073,-8.219834,1
SPC_ATTR_386,Attribute 386,0.011427,0.014366,0.054524,-0.03167,17
SPC_ATTR_387,Attribute 387,0.008281,0.015488,0.054745,-0.038184,6
SPC_ATTR_388,Attribute 388,0.000339,0.004989,0.015307,-0.014629,7
SPC_ATTR_389,Attribute 389,35.155091,17.227003,86.836101,-16.525919,6
SPC_ATTR_390,Attribute 390,0.001338,0.011816,0.036786,-0.03411,5
SPC_ATTR_391,Attribute 391,1.431868,20.326415,62.411113,-59.547378,1
SPC_ATTR_392,Attribute 392,0.010956,0.006738,0.031169,-0.009257,7
SPC_ATTR_393,Attribute 393,0.004533,0.002956,0.013399,-0.004334,4
SPC_ATTR_394,Attribute 394,0.13399,0.038408,0.249215,0.018764,3
SPC_ATTR_408,Attribute 408,1.231997,0.364711,2.326131,0.137864,15
SPC_ATTR_409,Attribute 409,5.340932,2.578118,13.075285,-2.393421,34
SPC_ATTR_411,Attribute 411,4.929344,2.122978,11.298278,-1.43959,2
SPC_ATTR_412,Attribute 412,2.616086,0.551474,4.270509,0.961664,34
SPC_ATTR_413,Attribute 413,30.911316,18.413622,86.152181,-24.329548,31
SPC_ATTR_414,Attribute 414,25.61269,47.308463,167.538078,-116.312699,5
SPC_ATTR_416,Attribute 416,6.630616,3.958371,18.50573,-5.244498,4
SPC_ATTR_417,Attribute 417,3.404349,1.035433,6.510648,0.298049,17
SPC_ATTR_418,Attribute 418,8.190905,4.054515,20.354451,-3.97264,34
SPC_ATTR_421,Attribute 421,1.821261,3.057692,10.994338,-7.351815,4
SPC_ATTR_422,Attribute 422,4.174524,6.913855,24.916089,-16.567042,1
SPC_ATTR_424,Attribute 424,77.660446,32.596933,175.451245,-20.130353,21
SPC_ATTR_425,Attribute 425,3.315469,6.325365,22.291564,-15.660627,13
SPC_ATTR_426,Attribute 426,6.796312,23.257716,76.569459,-62.976834,2
SPC_ATTR_427,Attribute 427,1.233858,0.99562,4.220718,-1.753003,8
SPC_ATTR_428,Attribute 428,4.058501,3.042144,13.184934,-5.067933,1
SPC_ATTR_429,Attribute 429,4.220747,10.63273,36.118938,-27.677443,17
SPC_ATTR_430,Attribute 430,4.171844,6.43539,23.478015,-15.134328,7
SPC_ATTR_431,Attribute 431,18.4216,36.060084,126.601853,-89.758653,32
SPC_ATTR_432,Attribute 432,22.358305,36.395408,131.544528,-86.827918,32
SPC_ATTR_433,Attribute 433,99.367633,126.188715,477.933778,-279.198512,35
SPC_ATTR_434,Attribute 434,205.519304,225.77887,882.855915,-471.817306,30
SPC_ATTR_435,Attribute 435,14.733945,34.108854,117.060508,-87.592617,32
SPC_ATTR_436,Attribute 436,9.370666,34.369789,112.480032,-93.738701,32
SPC_ATTR_437,Attribute 437,7.513266,34.557804,111.186678,-96.160145,32
SPC_ATTR_438,Attribute 438,4.016785,1.611274,8.850607,-0.817036,7
SPC_ATTR_439,Attribute 439,54.701052,34.108051,157.025206,-47.623102,7
SPC_ATTR_440,Attribute 440,70.643942,38.376178,185.772475,-44.484591,7
SPC_ATTR_441,Attribute 441,11.526617,6.169471,30.035029,-6.981796,3
SPC_ATTR_443,Attribute 443,1.345259,0.659195,3.322842,-0.632325,32
SPC_ATTR_444,Attribute 444,0.633941,0.143552,1.064597,0.203285,1
SPC_ATTR_445,Attribute 445,0.895043,0.155522,1.361608,0.428478,16
SPC_ATTR_446,Attribute 446,0.64709,0.141252,1.070846,0.223333,1
SPC_ATTR_447,Attribute 447,1.175003,0.176158,1.703478,0.646529,6
SPC_ATTR_449,Attribute 449,0.33227,0.236275,1.041096,-0.376556,6
SPC_ATTR_453,Attribute 453,5.346816,0.919196,8.104405,2.589226,6
SPC_ATTR_454,Attribute 454,5.460971,2.250804,12.213385,-1.291442,6
SPC_ATTR_455,Attribute 455,7.883742,3.05966,17.062723,-1.29524,8
SPC_ATTR_456,Attribute 456,3.636633,0.938372,6.45175,0.821517,7
SPC_ATTR_457,Attribute 457,12.325685,8.125876,36.703313,-12.051942,6
SPC_ATTR_458,Attribute 458,5.263666,4.537737,18.876875,-8.349544,3
SPC_ATTR_460,Attribute 460,2.83838,1.345576,6.875109,-1.198349,3
SPC_ATTR_461,Attribute 461,29.197414,13.335189,69.20298,-10.808153,19
SPC_ATTR_468,Attribute 468,6.252091,8.673724,32.273262,-19.769081,11
SPC_ATTR_469,Attribute 469,224.173047,230.766915,916.473792,-468.127698,23
SPC_ATTR_470,Attribute 470,5.662293,3.151685,15.117347,-3.792761,8
SPC_ATTR_471,Attribute 471,5.367752,4.983367,20.317852,-9.582348,8
SPC_ATTR_472,Attribute 472,9.638797,10.174117,40.161148,-20.883554,7
SPC_ATTR_473,Attribute 473,137.888406,47.698041,280.98253,-5.205718,10
SPC_ATTR_474,Attribute 474,39.426847,22.457104,106.798159,-27.944465,27
SPC_ATTR_475,Attribute 475,37.63705,24.822918,112.105803,-36.831704,16
SPC_ATTR_476,Attribute 476,4.262573,2.611174,12.096095,-3.570949,8
SPC_ATTR_477,Attribute 477,20.132155,14.93959,64.950924,-24.686615,17
SPC_ATTR_478,Attribute 478,6.257921,10.185026,36.813,-24.297157,7
SPC_ATTR_479,Attribute 479,0.128123,5.062075,15.314347,-15.058101,1
SPC_ATTR_480,Attribute 480,3.283394,2.638608,11.199219,-4.632431,7
SPC_ATTR_481,Attribute 481,75.538131,35.752493,182.795611,-31.719349,14
SPC_ATTR_484,Attribute 484,206.564196,192.864413,785.157434,-372.029042,39
SPC_ATTR_485,Attribute 485,215.288948,213.126638,854.668862,-424.090966,31
SPC_ATTR_486,Attribute 486,201.111728,218.690015,857.181775,-454.958318,28
SPC_ATTR_490,Attribute 490,272.169707,228.046702,956.309813,-411.970399,9
SPC_ATTR_491,Attribute 491,51.354045,18.048612,105.499882,-2.791791,15
SPC_ATTR_492,Attribute 492,2.442673,1.224283,6.115522,-1.230175,37
SPC_ATTR_493,Attribute 493,8.170943,1.759262,13.44873,2.893156,1
SPC_ATTR_494,Attribute 494,2.530046,0.973948,5.451891,-0.391798,7
SPC_ATTR_495,Attribute 495,0.956442,6.6152,20.802043,-18.889159,7
SPC_ATTR_496,Attribute 496,6.807826,3.260019,16.587884,-2.972233,1
SPC_ATTR_497,Attribute 497,29.865896,24.621586,103.730655,-43.998862,39
SPC_ATTR_498,Attribute 498,11.82103,4.956647,26.690971,-3.048911,16
SPC_ATTR_511,Attribute 511,55.763508,37.691736,168.838715,-57.311698,32
SPC_ATTR_517,Attribute 517,0.678898,10.78388,33.030538,-31.672742,1
SPC_ATTR_518,Attribute 518,1.738902,4.890663,16.410892,-12.933088,1
SPC_ATTR_519,Attribute 519,1.806273,4.715894,15.953956,-12.34141,1
SPC_ATTR_520,Attribute 520,11.72844,15.81442,59.1717,-35.71482,17
SPC_ATTR_521,Attribute 521,2.695999,5.702366,19.803098,-14.4111,6
SPC_ATTR_522,Attribute 522,11.61008,103.122996,320.979067,-297.758907,20
SPC_ATTR_523,Attribute 523,14.728866,7.104435,36.042171,-6.584439,6
SPC_ATTR_524,Attribute 524,0.453896,4.147581,12.896638,-11.988845,5
SPC_ATTR_525,Attribute 525,5.687782,20.663414,67.678024,-56.302461,1
SPC_ATTR_526,Attribute 526,5.560397,3.92037,17.321507,-6.200712,4
SPC_ATTR_527,Attribute 527,1.443457,0.958428,4.31874,-1.431825,5
SPC_ATTR_528,Attribute 528,6.395717,1.888698,12.06181,0.729624,3
SPC_ATTR_542,Attribute 542,9.611628,2.896376,18.300755,0.922501,18
SPC_ATTR_544,Attribute 544,0.008471,0.001534,0.013071,0.00387,15
SPC_ATTR_545,Attribute 545,0.002509,0.000296,0.003396,0.001623,16
SPC_ATTR_546,Attribute 546,7.611403,1.315544,11.558036,3.66477,10
SPC_ATTR_547,Attribute 547,1.03963,0.389066,2.206828,-0.127567,11
SPC_ATTR_548,Attribute 548,403.546477,5.063887,418.738139,388.354816,10
SPC_ATTR_550,Attribute 550,0.663256,0.673346,2.683294,-1.356781,28
SPC_ATTR_551,Attribute 551,17.013313,4.966954,31.914175,2.112451,2
SPC_ATTR_552,Attribute 552,1.230712,1.361117,5.314063,-2.85264,4
SPC_ATTR_553,Attribute 553,0.276688,0.276231,1.10538,-0.552004,29
SPC_ATTR_554,Attribute 554,7.703874,2.192647,14.281815,1.125932,2
SPC_ATTR_555,Attribute 555,0.503657,0.598852,2.300213,-1.292899,4
SPC_ATTR_556,Attribute 556,57.746537,35.207552,163.369194,-47.87612,20
SPC_ATTR_557,Attribute 557,4.216905,1.280008,8.05693,0.376879,2
SPC_ATTR_558,Attribute 558,1.62307,1.870433,7.23437,-3.98823,4
SPC_ATTR_559,Attribute 559,0.995009,0.08386,1.246588,0.74343,56
SPC_ATTR_560,Attribute 560,0.325708,0.201392,0.929884,-0.278467,11
SPC_ATTR_561,Attribute 561,0.072443,0.051578,0.227177,-0.08229,32
SPC_ATTR_562,Attribute 562,32.284956,19.026081,89.3632,-24.793288,8
SPC_ATTR_563,Attribute 563,262.729683,7.630585,285.621439,239.837927,6
SPC_ATTR_564,Attribute 564,0.679641,0.121758,1.044914,0.314367,7
SPC_ATTR_565,Attribute 565,6.444985,2.633583,14.345734,-1.455765,10
SPC_ATTR_566,Attribute 566,0.14561,0.081122,0.388977,-0.097758,19
SPC_ATTR_567,Attribute 567,2.61087,1.032761,5.709153,-0.487414,12
SPC_ATTR_568,Attribute 568,0.060086,0.032761,0.158369,-0.038196,19
SPC_ATTR_569,Attribute 569,2.452417,0.996644,5.442349,-0.537516,9
SPC_ATTR_570,Attribute 570,21.117674,10.213294,51.757557,-9.522209,27
SPC_ATTR_571,Attribute 571,530.523623,17.499736,583.022831,478.024415,18
SPC_ATTR_572,Attribute 572,2.101836,0.275112,2.927172,1.276501,32
SPC_ATTR_573,Attribute 573,28.450165,86.304681,287.364209,-230.463879,60
SPC_ATTR_574,Attribute 574,0.345636,0.248478,1.091071,-0.399798,60
SPC_ATTR_575,Attribute 575,9.162315,26.92015,89.922766,-71.598136,68
SPC_ATTR_576,Attribute 576,0.104729,0.067791,0.308103,-0.098644,57
SPC_ATTR_577,Attribute 577,5.563747,16.921369,56.327853,-45.20036,70
SPC_ATTR_578,Attribute 578,16.642363,12.485267,54.098164,-20.813438,62
SPC_ATTR_579,Attribute 579,0.021615,0.01173,0.056805,-0.013576,6
SPC_ATTR_580,Attribute 580,0.016829,0.00964,0.04575,-0.012091,13
SPC_ATTR_581,Attribute 581,0.005396,0.003116,0.014744,-0.003952,11
SPC_ATTR_582,Attribute 582,97.934373,87.520966,360.497272,-164.628526,16
SPC_ATTR_583,Attribute 583,0.500096,0.003404,0.510309,0.489883,2
SPC_ATTR_584,Attribute 584,0.015318,0.01718,0.066858,-0.036222,2
SPC_ATTR_585,Attribute 585,0.003847,0.00372,0.015008,-0.007315,2
SPC_ATTR_586,Attribute 586,3.067826,3.578033,13.801926,-7.666273,2
SPC_ATTR_587,Attribute 587,0.021458,0.012358,0.058533,-0.015616,12
SPC_ATTR_588,Attribute 588,0.016475,0.008808,0.042898,-0.009948,22
SPC_ATTR_589,Attribute 589,0.005283,0.002867,0.013885,-0.003318,23
SPC_ATTR_590,Attribute 590,99.670066,93.891919,381.345825,-182.005692,46
